Workbook

Sheet Свод
A3: Показатель | B3: Категория хозяйства | C3: Регион | D3: 42005 | E3: 42036 | F3: 42064 | G3: 42095 | H3: 42125 | I3: 42156 | J3: 42186 | K3: 42217 | L3: 42248 | M3: 42278 | N3: 42309 | O3: 42339 | P3: 42370 | Q3: 42401 | R3: 42430 | S3: 42461 | T3: 42491 | U3: 42522 | V3: 42552 | W3: 42583 | X3: 42614 | Y3: 42644 | Z3: 42675 | AA3: 42705 | AB3: 42736 | AC3: 42767 | AD3: 42795 | AE3: 42826 | AF3: 42856 | AG3: 42887 | AH3: 42917 | AI3: 42948 | AJ3: 42979 | AK3: 43009 | AL3: 43040 | AM3: 43070 | AN3: 43101 | AO3: 43132 | AP3: 43160 | AQ3: 43191 | AR3: 43221 | AS3: 43252 | AT3: 43282 | AU3: 43313 | AV3: 43344 | AW3: 43374 | AX3: 43405 | AY3: 43435 | AZ3: 43466 | BA3: 43497 | BB3: 43525 | BC3: 43556 | BD3: 43586 | BE3: 43617 | BF3: 43647 | BG3: 43678 | BH3: 43709 | BI3: 43739 | BJ3: 43770 | BK3: 43800 | BL3: 43831 | BM3: 43862 | BN3: 43891 | BO3: 43922 | BP3: 43952 | BQ3: 43983 | BR3: 44013 | BS3: 44044 | BT3: 44075 | BU3: 44105 | BV3: 44136 | BW3: 44166 | BX3: 44197 | BY3: 44228 | BZ3: 44256 | CA3: 44287 | CB3: 44317 | CC3: 44348 | CD3: 44378 | CE3: 44409 | CF3: 44440 | CG3: 44470 | CH3: 44501 | CI3: 44531 | CJ3: 44562 | CK3: 44593 | CL3: 44621 | CM3: 44652 | CN3: 44682 | CO3: 44713 | CP3: 44743 | CQ3: 44774 | CR3: 44805 | CS3: 44835 | CT3: 44866 | CU3: 44896 | CV3: 44927 | CW3: 44958 | CX3: 44986 | CY3: 45017 | CZ3: 45047 | DA3: 45078 | DB3: 45108 | DC3: 45139 | DD3: 45170 | DE3: 45200 | DF3: 45231 | DG3: 45261 | DH3: 45292 | DI3: 45323 | DJ3: 45352 | DK3: 45383 | DL3: 45413 | DM3: 45444 | DN3: 45474 | DO3: 45505 | DP3: 45536 | DQ3: 45566 | DR3: 45597 | DS3: 45627 | DT3: 45658 | DU3: 45689 | DV3: 45717 | DW3: 45748 | DX3: 45778 | DY3: 45809 | DZ3: 45839
A4: КРС | B4: Сельхозпредприятия | C4: РЕСПУБЛИКА КАЗАХСТАН | D4: 3400.96 | E4: 3685.9 | F4: 4154.43 | G4: 5203.94 | H4: 5084.05 | I4: 6718.83 | J4: 4235.03 | K4: 4014.95 | L4: 4907.52 | M4: 4274.75 | N4: 3858.39 | O4: 6477.35 | P4: 3884.84 | Q4: 4146.9 | R4: 4282.08 | S4: 5408.9 | T4: 4390.56 | U4: 8005.48 | V4: 5105.84 | W4: 4700.12 | X4: 5548.88 | Y4: 3958.09 | Z4: 6264.34 | AA4: 9196.32 | AB4: 3739.75 | AC4: 4951.17 | AD4: 6316.68 | AE4: 5751.36 | AF4: 5747.16 | AG4: 10114.01 | AH4: 5944.43 | AI4: 6768.61 | AJ4: 5781.59 | AK4: 5885.5 | AL4: 7429.34 | AM4: 9411.91 | AN4: 5555.9 | AO4: 4586.48 | AP4: 7970.28 | AQ4: 8130.34 | AR4: 8048.48 | AS4: 14491.87 | AT4: 7543.26 | AU4: 7396.97 | AV4: 9668.6 | AW4: 6730.17 | AX4: 7987.91 | AY4: 11121.61 | AZ4: 5666.49 | BA4: 5917.68 | BB4: 8899.55 | BC4: 7784.95 | BD4: 9167.13 | BE4: 16299.73 | BF4: 7164.2 | BG4: 7341.17 | BH4: 10162.65 | BI4: 13532.56 | BJ4: 11737.17 | BK4: 14948.7 | BL4: 7041.38 | BM4: 4341.74 | BN4: 10336.12 | BO4: 7419.05 | BP4: 10452.61 | BQ4: 16413.66 | BR4: 7973.85 | BS4: 8901.52 | BT4: 10934.83 | BU4: 13130.82 | BV4: 12848.98 | BW4: 18882.81 | BX4: 8135.62 | BY4: 6432.18 | BZ4: 9650.38 | CA4: 10482.45 | CB4: 11405.76 | CC4: 16121.49 | CD4: 9114.93 | CE4: 14885.29 | CF4: 13567.02 | CG4: 13473.97 | CH4: 12558.44 | CI4: 20382.82 | CJ4: 6709.4 | CK4: 8554.71 | CL4: 12487.58 | CM4: 9184.25 | CN4: 7094.7 | CO4: 16471.11 | CP4: 6373.02 | CQ4: 10145.08 | CR4: 8831.12 | CS4: 11123 | CT4: 8927.05 | CU4: 11379.06 | CV4: 7452.75 | CW4: 6836.85 | CX4: 8719.53 | CY4: 9925.26 | CZ4: 7684.37 | DA4: 12218.39 | DB4: 6460.2 | DC4: 11289.58 | DD4: 15156.55 | DE4: 9790.74 | DF4: 9021.76 | DG4: 13193.63 | DH4: 6799.94 | DI4: 12303.66 | DJ4: 9703.45 | DK4: 11165.56 | DL4: 8179.14 | DM4: 24407.52 | DN4: 9835.22 | DO4: 11955.41 | DP4: 16955.56 | DQ4: 10638.42 | DR4: 9612.92 | DS4: 21521.5 | DT4: 6844.96 | DU4: 6687.71 | DV4: 8238.73 | DW4: 7324.04 | DX4: 7044.61 | DY4: 14116.34 | DZ4: 10179.94
A5: КРС | B5: Сельхозпредприятия | C5: АКМОЛИНСКАЯ ОБЛАСТЬ | D5: 514.75 | E5: 497.95 | F5: 863.93 | G5: 667.81 | H5: 633.39 | I5: 600.86 | J5: 875.47 | K5: 942.18 | L5: 856.9 | M5: 981.04 | N5: 873.89 | O5: 1390.18 | P5: 736.62 | Q5: 845.64 | R5: 774.36 | S5: 618.97 | T5: 701.72 | U5: 796.48 | V5: 914.5 | W5: 736.52 | X5: 897.89 | Y5: 912.46 | Z5: 867.99 | AA5: 1102.48 | AB5: 660.12 | AC5: 731.14 | AD5: 835 | AE5: 860.71 | AF5: 883.43 | AG5: 963.32 | AH5: 745.3 | AI5: 844.01 | AJ5: 678 | AK5: 1025.12 | AL5: 1312.34 | AM5: 919.29 | AN5: 670.25 | AO5: 942.66 | AP5: 847.27 | AQ5: 907.92 | AR5: 1002.24 | AS5: 911.62 | AT5: 873.09 | AU5: 1070.9 | AV5: 938.24 | AW5: 832.71 | AX5: 780.14 | AY5: 792.74 | AZ5: 993.76 | BA5: 1044.12 | BB5: 1250.31 | BC5: 892.18 | BD5: 1441.82 | BE5: 1249.59 | BF5: 822.67 | BG5: 1007.64 | BH5: 1333 | BI5: 1160.5 | BJ5: 1088.61 | BK5: 1164.95 | BL5: 782.49 | BM5: 829.6 | BN5: 1780.71 | BO5: 1077.39 | BP5: 1145.56 | BQ5: 1100.69 | BR5: 898.78 | BS5: 829.67 | BT5: 930.63 | BU5: 1135.02 | BV5: 1025.99 | BW5: 1133.29 | BX5: 1141.02 | BY5: 957.47 | BZ5: 1261.8 | CA5: 979.49 | CB5: 1029.19 | CC5: 864.06 | CD5: 1056.22 | CE5: 1019.37 | CF5: 1028.55 | CG5: 1254.05 | CH5: 1025.9 | CI5: 1062.94 | CJ5: 537.96 | CK5: 1089 | CL5: 1631.34 | CM5: 1183.73 | CN5: 1118.31 | CO5: 1064.21 | CP5: 1240.11 | CQ5: 1000.26 | CR5: 1269.72 | CS5: 1136.14 | CT5: 1230.95 | CU5: 1026.95 | CV5: 1294.11 | CW5: 936.76 | CX5: 1229.11 | CY5: 1048.76 | CZ5: 1040.48 | DA5: 1181.82 | DB5: 869.84 | DC5: 993.64 | DD5: 938.85 | DE5: 1102.67 | DF5: 1001.63 | DG5: 1079.39 | DH5: 972.07 | DI5: 938.35 | DJ5: 978.41 | DK5: 1071.35 | DL5: 1067.76 | DM5: 1119.61 | DN5: 898.07 | DO5: 1382 | DP5: 1133.36 | DQ5: 1073.27 | DR5: 1118.19 | DS5: 1332.88 | DT5: 837.79 | DU5: 1082.43 | DV5: 1426.73 | DW5: 1238.21 | DX5: 1262.37 | DY5: 1269.83 | DZ5: 1261.41
A6: КРС | B6: Сельхозпредприятия | C6: АКТЮБИНСКАЯ ОБЛАСТЬ | D6: 554.41 | E6: 504.35 | F6: 493.56 | G6: 445.51 | H6: 585.79 | I6: 316.47 | J6: 469.49 | K6: 303.09 | L6: 685.51 | M6: 600.85 | N6: 603.26 | O6: 700.48 | P6: 477.84 | Q6: 221.08 | R6: 265.59 | S6: 328.03 | T6: 384.03 | U6: 555.07 | V6: 615.9 | W6: 619.33 | X6: 770.79 | Y6: 302.27 | Z6: 1076.31 | AA6: 862.54 | AB6: 473.66 | AC6: 475.3 | AD6: 814.18 | AE6: 638.87 | AF6: 642.96 | AG6: 834.97 | AH6: 902.65 | AI6: 701.17 | AJ6: 756.63 | AK6: 726.68 | AL6: 654.31 | AM6: 801.49 | AN6: 703.32 | AO6: 514.47 | AP6: 952.16 | AQ6: 1018.39 | AR6: 968.68 | AS6: 845.85 | AT6: 758.18 | AU6: 931.47 | AV6: 1070.07 | AW6: 1278.41 | AX6: 1627.73 | AY6: 1714.64 | AZ6: 704.51 | BA6: 899.66 | BB6: 1554.1 | BC6: 1351.44 | BD6: 1050.71 | BE6: 1485.45 | BF6: 814.13 | BG6: 1169.81 | BH6: 2388.34 | BI6: 1595.4 | BJ6: 3809.76 | BK6: 3510.19 | BL6: 954.53 | BM6: 481.35 | BN6: 1111.55 | BO6: 1033.96 | BP6: 1939.87 | BQ6: 2152.47 | BR6: 1578.87 | BS6: 1426.39 | BT6: 2620.87 | BU6: 2434.4 | BV6: 3247.3 | BW6: 3281.67 | BX6: 580.89 | BY6: 823.34 | BZ6: 1221.21 | CA6: 1626.06 | CB6: 1920.41 | CC6: 2637.56 | CD6: 1620.81 | CE6: 2134.96 | CF6: 3425.67 | CG6: 3449.02 | CH6: 3751.75 | CI6: 3827.39 | CJ6: 826.17 | CK6: 1132.81 | CL6: 1544.91 | CM6: 1885.46 | CN6: 698.01 | CO6: 4712.69 | CP6: 508.07 | CQ6: 592.19 | CR6: 902.26 | CS6: 1479.36 | CT6: 1219.25 | CU6: 658.78 | CV6: 589.8 | CW6: 1275.24 | CX6: 1508.27 | CY6: 1380.18 | CZ6: 842.24 | DA6: 3478.29 | DB6: 774.46 | DC6: 764.8 | DD6: 3003.94 | DE6: 1876.68 | DF6: 1547.77 | DG6: 607.03 | DH6: 609.08 | DI6: 873.05 | DJ6: 1520.51 | DK6: 1747.09 | DL6: 915.8 | DM6: 1851.96 | DN6: 932.63 | DO6: 945.11 | DP6: 1142.92 | DQ6: 1637.64 | DR6: 1180.54 | DS6: 1045.69 | DT6: 526.84 | DU6: 627.83 | DV6: 1314.81 | DW6: 1509.41 | DX6: 743.94 | DY6: 1543.76 | DZ6: 570.04
A7: КРС | B7: Сельхозпредприятия | C7: АЛМАТИНСКАЯ ОБЛАСТЬ | D7: 178.3 | E7: 362.86 | F7: 352.49 | G7: 451.79 | H7: 228.32 | I7: 708.84 | J7: 280.55 | K7: 126.59 | L7: 629.44 | M7: 314.28 | N7: 302.7 | O7: 273.87 | P7: 362.96 | Q7: 524.37 | R7: 549.52 | S7: 1221.29 | T7: 663.04 | U7: 1033.44 | V7: 877.53 | W7: 795.88 | X7: 549.7 | Y7: 524.17 | Z7: 762.84 | AA7: 909.95 | AB7: 361.53 | AC7: 659.43 | AD7: 489.3 | AE7: 413.05 | AF7: 901.47 | AG7: 633.54 | AH7: 986.07 | AI7: 1245.53 | AJ7: 678.11 | AK7: 462.36 | AL7: 1124.24 | AM7: 1042.7 | AN7: 626.23 | AO7: 691.69 | AP7: 900.64 | AQ7: 546.92 | AR7: 753.49 | AS7: 1249.22 | AT7: 870.13 | AU7: 1085.25 | AV7: 767.07 | AW7: 833.67 | AX7: 621.67 | AY7: 1270.71 | AZ7: 647.57 | BA7: 859.73 | BB7: 627.58 | BC7: 510.15 | BD7: 1060.85 | BE7: 748.1 | BF7: 795.62 | BG7: 713.09 | BH7: 917.57 | BI7: 2486.33 | BJ7: 1047.68 | BK7: 1716.96 | BL7: 138.84 | BM7: 193.57 | BN7: 1915.13 | BO7: 318.06 | BP7: 1376.06 | BQ7: 1100.94 | BR7: 732.62 | BS7: 403.93 | BT7: 1133.23 | BU7: 296.33 | BV7: 528.96 | BW7: 765.77 | BX7: 256.65 | BY7: 247.48 | BZ7: 1642.59 | CA7: 204.04 | CB7: 1358.42 | CC7: 1168.3 | CD7: 299.38 | CE7: 1286.74 | CF7: 482.08 | CG7: 219.4 | CH7: 455.71 | CI7: 342.51 | CJ7: 185.09 | CK7: 235.07 | CL7: 1692.44 | CM7: 276.34 | CN7: 475.5 | CO7: 1043.31 | CP7: 357.53 | CQ7: 225.52 | CR7: 212.32 | CS7: 344.6 | CT7: 413.76 | CU7: 211.75 | CV7: 379.94 | CW7: 109.76 | CX7: 195.04 | CY7: 292.86 | CZ7: 204.42 | DA7: 410.94 | DB7: 154.98 | DC7: 100.38 | DD7: 1354.58 | DE7: 189.29 | DF7: 152.57 | DG7: 186.92 | DH7: 141.97 | DI7: 214.08 | DJ7: 1055.43 | DK7: 110.45 | DL7: 188.15 | DM7: 172.63 | DN7: 112.31 | DO7: 134.99 | DP7: 1212.02 | DQ7: 260.02 | DR7: 129.38 | DS7: 159.66 | DT7: 163.04 | DU7: 122.59 | DV7: 251.05 | DW7: 133.9 | DX7: 133.94 | DY7: 643.02 | DZ7: 142.88
A8: КРС | B8: Сельхозпредприятия | C8: АТЫРАУСКАЯ ОБЛАСТЬ | D8: 20.8 | E8: 0.8 | F8: 15.28 | G8: 1.97 | H8: 2.04 | I8: 1.32 | J8: 0.8 | K8: 1.38 | L8: 1 | M8: 0.43 | N8: 1.47 | O8: 6.26 | P8: 7.41 | Q8: 20.63 | R8: 10.49 | S8: 11.75 | T8: 16.13 | U8: 27.56 | V8: 15.8 | W8: 11.24 | X8: 15.2 | Y8: 3.5 | Z8: 5.1 | AA8: 10.18 | AB8: 7.41 | AC8: 4.52 | AD8: 6.2 | AE8: 3.28 | AF8: 9.99 | AG8: 3.44 | AH8: 9.3 | AI8: 32.91 | AJ8: 48.26 | AK8: 21.35 | AL8: 4.52 | AM8: 6.7 | AN8: 2.95 | AO8: 38.66 | AP8: 2.91 | AQ8: 23.24 | AR8: 8.43 | AS8: 2.4 | AT8: 19.8 | AU8: 0.3 | AV8: 13.88 | AW8: 1.75 | AX8: 83.62 | AY8: 19.94 | AZ8: 5.04 | BA8: 3.28 | BB8: 0.2 | BC8: 7.3 | BD8: 7.88 | BE8: 7.82 | BF8: 0.1 | BG8: - | BH8: 2.1 | BI8: 13.76 | BJ8: 1.73 | BK8: 1.95 | BL8: 1.8 | BM8: 6.49 | BN8: 7.29 | BO8: 5.7 | BP8: 10.95 | BQ8: 5.98 | BR8: 1.57 | BS8: 1.58 | BT8: 19.4 | BU8: 9.32 | BV8: 22.87 | BW8: - | BX8: 3.09 | BY8: 3.23 | BZ8: 8.92 | CA8: 2.74 | CB8: 3.85 | CC8: 2.11 | CD8: 4.54 | CE8: 1.41 | CF8: 1.69 | CG8: 8.27 | CH8: 13.06 | CI8: 20.24 | CJ8: 8.91 | CK8: 9.61 | CL8: 2.14 | CM8: 9.05 | CN8: 5.62 | CO8: 3.5 | CP8: - | CQ8: - | CR8: 2.6 | CS8: - | CT8: 5.1 | CU8: 5.7 | CV8: - | CW8: 0.06 | CX8: 1.9 | CY8: - | CZ8: 1.4 | DA8: 4.2 | DB8: 1.4 | DC8: 0.5 | DD8: 1.64 | DE8: 0.54 | DF8: - | DG8: 51.62 | DH8: 16.21 | DI8: 17.45 | DJ8: 13.52 | DK8: 25.1 | DL8: 13.7 | DM8: 16.08 | DN8: 17.35 | DO8: 41.57 | DP8: 56.59 | DQ8: 49.5 | DR8: 40.76 | DS8: 27.22 | DT8: 37.37 | DU8: 18.66 | DV8: 20.92 | DW8: 12.58 | DX8: 26.56 | DY8: 23.3 | DZ8: 17.9
A9: КРС | B9: Сельхозпредприятия | C9: ЗАПАДНО-КАЗАХСТАНСКАЯ ОБЛАСТЬ | D9: 36.38 | E9: 16.14 | F9: 148.5 | G9: 145.26 | H9: 131.27 | I9: 115.01 | J9: 60.6 | K9: 83.6 | L9: 139.05 | M9: 107.98 | N9: 86.18 | O9: 275.77 | P9: 93.81 | Q9: 204.86 | R9: 254.4 | S9: 82.89 | T9: 52.21 | U9: 57.31 | V9: 33.9 | W9: 20.69 | X9: 47.04 | Y9: 72.48 | Z9: 102.36 | AA9: 252.42 | AB9: 87.81 | AC9: 153.02 | AD9: 176.98 | AE9: 87.71 | AF9: 123.81 | AG9: 217.05 | AH9: 133.89 | AI9: 113.86 | AJ9: 86.96 | AK9: 67.89 | AL9: 188.91 | AM9: 312.2 | AN9: 155.96 | AO9: 131.87 | AP9: 155.17 | AQ9: 183.75 | AR9: 131.9 | AS9: 220.58 | AT9: 117.82 | AU9: 77.65 | AV9: 271.51 | AW9: 169.24 | AX9: 230.18 | AY9: 256.49 | AZ9: 126.91 | BA9: 104.17 | BB9: 95.67 | BC9: 94.31 | BD9: 75.93 | BE9: 248.36 | BF9: 150.05 | BG9: 104.48 | BH9: 396.66 | BI9: 194.05 | BJ9: 288.29 | BK9: 375.54 | BL9: 208.8 | BM9: 151.24 | BN9: 137.98 | BO9: 108.61 | BP9: 142.46 | BQ9: 302.43 | BR9: 70.79 | BS9: 120.1 | BT9: 288.51 | BU9: 342.18 | BV9: 290.2 | BW9: 633.29 | BX9: 135.28 | BY9: 200.06 | BZ9: 271.74 | CA9: 621.21 | CB9: 617.36 | CC9: 350.28 | CD9: 87.77 | CE9: 121.58 | CF9: 194.95 | CG9: 156.73 | CH9: 267.81 | CI9: 585.09 | CJ9: 152.48 | CK9: 368.91 | CL9: 202.78 | CM9: 439.32 | CN9: 284.58 | CO9: 1207.68 | CP9: 224.12 | CQ9: 134.71 | CR9: 265.6 | CS9: 299.54 | CT9: 504.28 | CU9: 406.81 | CV9: 560.11 | CW9: 266.3 | CX9: 327.79 | CY9: 372.54 | CZ9: 238.97 | DA9: 585.79 | DB9: 444.99 | DC9: 519.78 | DD9: 679.56 | DE9: 630.95 | DF9: 380.4 | DG9: 457.86 | DH9: 486.18 | DI9: 222.78 | DJ9: 333.47 | DK9: 438.04 | DL9: 378.2 | DM9: 585.85 | DN9: 607.34 | DO9: 944.69 | DP9: 517.31 | DQ9: 622.35 | DR9: 478.05 | DS9: 964.38 | DT9: 188.16 | DU9: 166.92 | DV9: 445.93 | DW9: 303.29 | DX9: 246.96 | DY9: 645.76 | DZ9: 1126.35
A10: КРС | B10: Сельхозпредприятия | C10: ЖАМБЫЛСКАЯ ОБЛАСТЬ | D10: 11.35 | E10: 52.62 | F10: 24.71 | G10: 76.56 | H10: 106.33 | I10: 23.48 | J10: 128.48 | K10: 270.8 | L10: 30.13 | M10: 19.1 | N10: 32.88 | O10: 44.2 | P10: 16.08 | Q10: 475.59 | R10: 29.41 | S10: 310.03 | T10: 365.45 | U10: 32.66 | V10: 23.9 | W10: 22.9 | X10: 30.94 | Y10: 54.8 | Z10: 64.1 | AA10: 910.5 | AB10: 16.08 | AC10: 335.1 | AD10: 194.9 | AE10: 464.6 | AF10: 119.09 | AG10: 242.96 | AH10: 531.87 | AI10: 1150.32 | AJ10: 40.43 | AK10: 32.15 | AL10: 328.86 | AM10: 780.76 | AN10: 436.41 | AO10: 39.11 | AP10: 1024.84 | AQ10: 876.02 | AR10: 845.38 | AS10: 843.11 | AT10: 461.87 | AU10: 1072.21 | AV10: 1831.9 | AW10: 352.13 | AX10: 542.21 | AY10: 2062.63 | AZ10: 541.83 | BA10: 448.71 | BB10: 972.35 | BC10: 530.18 | BD10: 404.28 | BE10: 1844.94 | BF10: 308.46 | BG10: 1231.96 | BH10: 1682.59 | BI10: 637.14 | BJ10: 543.51 | BK10: 1728.36 | BL10: 2042.34 | BM10: 114.99 | BN10: 296.28 | BO10: 239.43 | BP10: 282.82 | BQ10: 694.06 | BR10: 37.06 | BS10: 1190.01 | BT10: 771.9 | BU10: 384.79 | BV10: 96.09 | BW10: 5995.41 | BX10: 1891.17 | BY10: 84.23 | BZ10: 1040.02 | CA10: 175.75 | CB10: 240.53 | CC10: 1529.83 | CD10: 71.09 | CE10: 721.52 | CF10: 2466.15 | CG10: 1049.29 | CH10: 791.7 | CI10: 5273.3 | CJ10: 290.29 | CK10: 371.16 | CL10: 1393.47 | CM10: 33.66 | CN10: 87.63 | CO10: 1066.24 | CP10: 12.23 | CQ10: 134.58 | CR10: 997.34 | CS10: 394.67 | CT10: 359.43 | CU10: 1708.7 | CV10: 136.63 | CW10: 44.93 | CX10: 1223.68 | CY10: 54.84 | CZ10: 140.49 | DA10: 817.71 | DB10: 9.3 | DC10: 13.4 | DD10: 58.06 | DE10: 77.19 | DF10: 98.82 | DG10: 25.2 | DH10: 174.82 | DI10: 122.55 | DJ10: 1474.62 | DK10: 96.11 | DL10: 187.05 | DM10: 148.03 | DN10: 102.68 | DO10: 33.38 | DP10: 6.29 | DQ10: 16.55 | DR10: 18.3 | DS10: 30.96 | DT10: 38.12 | DU10: 18.6 | DV10: 11.9 | DW10: 20.04 | DX10: 312.1 | DY10: 2099.37 | DZ10: 12.31
A11: КРС | B11: Сельхозпредприятия | C11: КАРАГАНДИНСКАЯ ОБЛАСТЬ | D11: 40.29 | E11: 47.49 | F11: 16.23 | G11: 39.16 | H11: 37.99 | I11: 33.46 | J11: 25.4 | K11: 31.9 | L11: 77.93 | M11: 30.58 | N11: 24.93 | O11: 37.44 | P11: 32.49 | Q11: 10.82 | R11: 40.55 | S11: 38.06 | T11: 28.86 | U11: 83.94 | V11: 31.25 | W11: 54.59 | X11: 85.77 | Y11: 24.29 | Z11: 72.41 | AA11: 91.5 | AB11: 32.49 | AC11: 47.11 | AD11: 42.94 | AE11: 78.41 | AF11: 115.8 | AG11: 101.38 | AH11: 22.44 | AI11: 80.06 | AJ11: 83.36 | AK11: 145.24 | AL11: 82.44 | AM11: 82.15 | AN11: 5.07 | AO11: 43.84 | AP11: 39.76 | AQ11: 24.68 | AR11: 82.12 | AS11: 53.05 | AT11: 37.93 | AU11: 46.48 | AV11: 68.56 | AW11: 15.85 | AX11: 44.14 | AY11: 174.4 | AZ11: 16.87 | BA11: 106.38 | BB11: 180.45 | BC11: 133.89 | BD11: 170.19 | BE11: 238.98 | BF11: 102.7 | BG11: 305.21 | BH11: 419.21 | BI11: 138.87 | BJ11: 193.71 | BK11: 139.51 | BL11: 328.37 | BM11: 86.42 | BN11: 351.35 | BO11: 70.14 | BP11: 952.68 | BQ11: 715.18 | BR11: 164.18 | BS11: 269.7 | BT11: 109.17 | BU11: 647.51 | BV11: 603.22 | BW11: 484.61 | BX11: 542.91 | BY11: 493.85 | BZ11: 320.3 | CA11: 448.12 | CB11: 460.57 | CC11: 988.61 | CD11: 712.53 | CE11: 693.67 | CF11: 895.13 | CG11: 1273.47 | CH11: 471.63 | CI11: 737.66 | CJ11: 1003.01 | CK11: 311.82 | CL11: 1384.38 | CM11: 343.76 | CN11: 236.06 | CO11: 104.21 | CP11: 155.95 | CQ11: 60.88 | CR11: 270.58 | CS11: 646.19 | CT11: 113.16 | CU11: 303.28 | CV11: 244.88 | CW11: 227.98 | CX11: 215.2 | CY11: 103.78 | CZ11: 188.89 | DA11: 148.8 | DB11: 90.28 | DC11: 162.8 | DD11: 206.27 | DE11: 260.49 | DF11: 242.88 | DG11: 250.05 | DH11: 126.06 | DI11: 155.18 | DJ11: 91.43 | DK11: 242.05 | DL11: 189.97 | DM11: 167.94 | DN11: 87.91 | DO11: 103.4 | DP11: 191.9 | DQ11: 116.85 | DR11: 101.7 | DS11: 153.63 | DT11: 107.62 | DU11: 65.41 | DV11: 110.84 | DW11: 288.45 | DX11: 127.81 | DY11: 125.36 | DZ11: 79.87
A12: КРС | B12: Сельхозпредприятия | C12: КОСТАНАЙСКАЯ ОБЛАСТЬ | D12: 817.94 | E12: 781.68 | F12: 1025.47 | G12: 1792.38 | H12: 2083.39 | I12: 3322.77 | J12: 978.73 | K12: 838.09 | L12: 899.01 | M12: 1060.38 | N12: 885.49 | O12: 831.85 | P12: 838 | Q12: 740.93 | R12: 876.01 | S12: 1083.93 | T12: 1019.43 | U12: 3257.55 | V12: 1015.65 | W12: 934.94 | X12: 1080.12 | Y12: 1093.06 | Z12: 1287.79 | AA12: 2205.76 | AB12: 802.38 | AC12: 952.64 | AD12: 1157.22 | AE12: 1192.33 | AF12: 1669.27 | AG12: 4498.26 | AH12: 970.85 | AI12: 1222.57 | AJ12: 1299.34 | AK12: 1034.82 | AL12: 1174.66 | AM12: 858.06 | AN12: 1393.16 | AO12: 895.8 | AP12: 1244.7 | AQ12: 1447.37 | AR12: 1670.15 | AS12: 5149.34 | AT12: 1077.28 | AU12: 960.89 | AV12: 1827.93 | AW12: 1074.91 | AX12: 1632.42 | AY12: 1061.72 | AZ12: 1107.37 | BA12: 1135.43 | BB12: 1327.85 | BC12: 1796.84 | BD12: 1704.62 | BE12: 4020.51 | BF12: 1438.87 | BG12: 897.65 | BH12: 908.52 | BI12: 946.92 | BJ12: 1068.18 | BK12: 1341.32 | BL12: 1157.73 | BM12: 1242.94 | BN12: 1467.15 | BO12: 2470.35 | BP12: 1841.89 | BQ12: 3526.6 | BR12: 1979.69 | BS12: 1571.54 | BT12: 2240.05 | BU12: 1595.89 | BV12: 2066.84 | BW12: 1033.47 | BX12: 1829.51 | BY12: 1685.36 | BZ12: 1641.54 | CA12: 3008.28 | CB12: 2051.72 | CC12: 3343.7 | CD12: 2618.22 | CE12: 1226.29 | CF12: 1693.72 | CG12: 1235.14 | CH12: 1341.27 | CI12: 1584.67 | CJ12: 1584.88 | CK12: 797.82 | CL12: 1301.96 | CM12: 1342.3 | CN12: 1667.23 | CO12: 3263.81 | CP12: 1211.14 | CQ12: 1056.05 | CR12: 940.87 | CS12: 832.46 | CT12: 1277.4 | CU12: 1336.82 | CV12: 1661.98 | CW12: 1627.84 | CX12: 1111.26 | CY12: 1344.04 | CZ12: 1241.39 | DA12: 1300.84 | DB12: 1105.81 | DC12: 910.57 | DD12: 1125.24 | DE12: 1227.25 | DF12: 1301.43 | DG12: 1261.47 | DH12: 1150.38 | DI12: 1287.7 | DJ12: 1382.07 | DK12: 1446.57 | DL12: 1251.74 | DM12: 6621.92 | DN12: 1607.87 | DO12: 950.82 | DP12: 1441.72 | DQ12: 1435.26 | DR12: 1167.13 | DS12: 1385.27 | DT12: 1028.42 | DU12: 889.12 | DV12: 1041.43 | DW12: 1276.99 | DX12: 961.53 | DY12: 1911.32 | DZ12: 1266.17
A13: КРС | B13: Сельхозпредприятия | C13: КЫЗЫЛОРДИНСКАЯ ОБЛАСТЬ | D13: 9.7 | E13: 15.3 | F13: 21.82 | G13: 13.13 | H13: 6.71 | I13: 8.39 | J13: 10.09 | K13: 11.92 | L13: 2.83 | M13: 6.97 | N13: 19.56 | O13: 29.11 | P13: 38.57 | Q13: 51.26 | R13: 32.6 | S13: 20.65 | T13: 37.15 | U13: 36.43 | V13: 66.24 | W13: 39.69 | X13: 2.55 | Y13: 5.79 | Z13: 70.36 | AA13: 30.24 | AB13: 38.57 | AC13: 21.7 | AD13: 17.81 | AE13: 26.37 | AF13: 3.38 | AG13: 38.11 | AH13: 51.17 | AI13: 61.91 | AJ13: 53.46 | AK13: 33.07 | AL13: 29.39 | AM13: 54.1 | AN13: 65.32 | AO13: 142.19 | AP13: 58.72 | AQ13: 48.72 | AR13: 35.28 | AS13: 26.96 | AT13: 38.28 | AU13: 87.59 | AV13: 52.81 | AW13: 37.98 | AX13: 65.91 | AY13: 170.68 | AZ13: 28.57 | BA13: 65.99 | BB13: 80.61 | BC13: 10.5 | BD13: 175.95 | BE13: 81.66 | BF13: 89.71 | BG13: 96.17 | BH13: 166.27 | BI13: 66.62 | BJ13: 118.68 | BK13: 255.65 | BL13: 133.48 | BM13: 84.45 | BN13: 30.21 | BO13: 175.04 | BP13: 100.7 | BQ13: 108.92 | BR13: 32.74 | BS13: 41.8 | BT13: 55.64 | BU13: 79.1 | BV13: 108.48 | BW13: 87.39 | BX13: 42.77 | BY13: 75.82 | BZ13: 42.22 | CA13: 143.2 | CB13: 91.79 | CC13: 116.17 | CD13: 38.34 | CE13: 22.73 | CF13: 8.27 | CG13: 113.74 | CH13: 85.71 | CI13: 138.19 | CJ13: 58.05 | CK13: 67.25 | CL13: 64.33 | CM13: 148.01 | CN13: 87.8 | CO13: 121.7 | CP13: 45.17 | CQ13: 53.29 | CR13: 30.73 | CS13: 78.78 | CT13: 112.24 | CU13: 193.63 | CV13: 62.35 | CW13: 65.44 | CX13: 51.9 | CY13: 141.42 | CZ13: 81 | DA13: 120.39 | DB13: 27.99 | DC13: 49.09 | DD13: 62.45 | DE13: 77.84 | DF13: 82.33 | DG13: 117.03 | DH13: 117.25 | DI13: 75.01 | DJ13: 51.07 | DK13: 118.23 | DL13: 104.68 | DM13: 137.22 | DN13: 43.34 | DO13: 71.07 | DP13: 55.35 | DQ13: 79.58 | DR13: 41.26 | DS13: 110.81 | DT13: 24.44 | DU13: 77.94 | DV13: 40.51 | DW13: 180.28 | DX13: 84.18 | DY13: 141.85 | DZ13: 62.35
A14: КРС | B14: Сельхозпредприятия | C14: МАНГИСТАУСКАЯ ОБЛАСТЬ | D14: - | E14: - | F14: - | G14: - | H14: - | I14: - | J14: - | K14: - | L14: - | M14: - | N14: - | O14: - | P14: - | Q14: - | R14: 4.83 | S14: - | T14: - | U14: - | V14: - | W14: - | X14: - | Y14: - | Z14: - | AA14: - | AB14: - | AC14: - | AD14: 2 | AE14: - | AF14: - | AG14: - | AH14: - | AI14: - | AJ14: - | AK14: - | AL14: 2.07 | AM14: - | AN14: - | AO14: - | AP14: 0.62 | AQ14: - | AR14: - | AS14: 1.78 | AT14: 0.3 | AU14: - | AV14: 0.3 | AW14: 0.6 | AX14: - | AY14: - | AZ14: - | BA14: - | BB14: - | BC14: - | BD14: 0.6 | BE14: 0.9 | BF14: 3.28 | BG14: 1.66 | BH14: 0.58 | BI14: 8.84 | BJ14: - | BK14: - | BL14: 9 | BM14: 2.8 | BN14: 5.6 | BQ14: 7.2 | BR14: 2.32 | BS14: 0.28 | BT14: 3.93 | BU14: 1.95 | BV14: 4.78 | BW14: 0.35 | BX14: 3.36 | BY14: 5.8 | BZ14: 2.1 | CA14: 0.28 | CB14: 2.8 | CC14: 2.8 | CD14: 2.8 | CE14: 2.8 | CF14: 0.63 | CG14: 2.8 | CH14: 2.8 | CI14: 1.47 | CJ14: 1.12 | CK14: 1.47 | CL14: 13.42 | CM14: 1.12 | CN14: 1.12 | CO14: 1.7 | CP14: 1.12 | CQ14: 1.12 | CR14: 1.12 | CS14: 1.12 | CT14: 1.96 | CU14: 1.12 | CV14: 1.4 | CW14: 1.12 | CX14: 1.4 | CY14: 1.42 | CZ14: 1.12 | DA14: 2.62 | DB14: 1.12 | DC14: 1.97 | DD14: 1.12 | DE14: 1.88 | DF14: 1.12 | DG14: 1.12 | DH14: 1.12 | DI14: 2.8 | DJ14: 1.68 | DK14: 1.68 | DL14: 151.68 | DM14: 1.68 | DN14: 1.68 | DO14: 1.68 | DP14: 10.14 | DQ14: 1.68 | DR14: 2.28 | DS14: 2.08 | DT14: 2.24 | DU14: 2.08 | DV14: 6.05 | DW14: 0.28 | DX14: 0.3 | DY14: 0.4 | DZ14: 0.56
A15: КРС | B15: Сельхозпредприятия | C15: ЮЖНО-КАЗАХСТАНСКАЯ ОБЛАСТЬ | D15: 434.41 | E15: 519.56 | F15: 344.48 | G15: 626.53 | H15: 331.32 | I15: 464.68 | J15: 145.87 | K15: 221.28 | L15: 254.04 | M15: 312.79 | N15: 177.3 | O15: 863.13 | P15: 392.29 | Q15: 233.13 | R15: 354.3 | S15: 398 | T15: 226.54 | U15: 619.38 | V15: 240.88 | W15: 539.7 | X15: 338.12 | Y15: 286.87 | Z15: 579.32 | AA15: 1022.92 | AB15: 372.59 | AC15: 968.05 | AD15: 1500.42 | AE15: 993.48 | AF15: 377.09 | AG15: 1606.58 | AH15: 775.97 | AI15: 521.21 | AJ15: 895.63 | AK15: 909.82 | AL15: 1044.65 | AM15: 2417.82 | AN15: 355.56 | AO15: 249.32 | AP15: 1663.52 | AQ15: 2122.05 | AR15: 1381.2 | AS15: - | AT15: - | AU15: - | AV15: - | AW15: - | AX15: - | AY15: - | AZ15: - | BA15: - | BB15: - | BC15: - | BD15: - | BE15: - | BF15: - | BG15: - | BH15: - | BI15: - | BJ15: - | BK15: - | BL15: - | BM15: - | BN15: - | BO15: - | BP15: - | BQ15: - | BR15: - | BS15: - | BT15: - | BU15: - | BV15: - | BW15: - | BX15: - | BY15: - | BZ15: - | CA15: - | CB15: - | CC15: - | CD15: - | CE15: - | CF15: - | CG15: - | CH15: - | CI15: - | CJ15: - | CK15: - | CL15: - | CM15: - | CN15: - | CO15: - | CP15: - | CQ15: - | CR15: - | CS15: - | CT15: - | CU15: - | CV15: - | CW15: - | CX15: - | CY15: - | CZ15: - | DA15: - | DB15: - | DC15: - | DD15: - | DE15: - | DF15: - | DG15: - | DH15: - | DI15: - | DJ15: - | DK15: - | DL15: - | DM15: - | DN15: - | DO15: - | DP15: - | DQ15: - | DR15: - | DS15: - | DT15: - | DU15: - | DV15: - | DW15: - | DX15: - | DY15: - | DZ15: -
A16: КРС | B16: Сельхозпредприятия | C16: ПАВЛОДАРСКАЯ ОБЛАСТЬ | D16: 402.8 | E16: 408.76 | F16: 424.88 | G16: 487.96 | H16: 440.03 | I16: 518.17 | J16: 770.65 | K16: 842.02 | L16: 776.12 | M16: 345.44 | N16: 282.37 | O16: 790.16 | P16: 339.93 | Q16: 269.26 | R16: 499.2 | S16: 576.61 | T16: 368.66 | U16: 871.09 | V16: 646.83 | W16: 508.52 | X16: 973.35 | Y16: 232.75 | Z16: 631.38 | AA16: 638.59 | AB16: 338.93 | AC16: 157.95 | AD16: 158.36 | AE16: 388.06 | AF16: 254.5 | AG16: 416.09 | AH16: 282.37 | AI16: 289.29 | AJ16: 345.06 | AK16: 773.57 | AL16: 824.63 | AM16: 992.74 | AN16: 393.47 | AO16: 265.74 | AP16: 391.62 | AQ16: 201.14 | AR16: 433.72 | AS16: 753.74 | AT16: 294.93 | AU16: 325.06 | AV16: 786.56 | AW16: 775.64 | AX16: 733.53 | AY16: 1622.78 | AZ16: 211.95 | BA16: 441.29 | BB16: 533.58 | BC16: 321.87 | BD16: 706.05 | BE16: 534.05 | BF16: 881.45 | BG16: 496.49 | BH16: 355.15 | BI16: 293.76 | BJ16: 1059.62 | BK16: 1544.28 | BL16: 355.19 | BM16: 243.26 | BN16: 612.79 | BO16: 277.53 | BP16: 578.97 | BQ16: 456.65 | BR16: 1014.16 | BS16: 716.05 | BT16: 636.9 | BU16: 885.98 | BV16: 818.73 | BW16: 2188.29 | BX16: 398.5 | BY16: 403.99 | BZ16: 870.2 | CA16: 923.39 | CB16: 740.49 | CC16: 607.08 | CD16: 959.6 | CE16: 917.49 | CF16: 731.16 | CG16: 545.36 | CH16: 887.62 | CI16: 1810.01 | CJ16: 271.89 | CK16: 2370.49 | CL16: 962.21 | CM16: 1007.96 | CN16: 517.81 | CO16: 687.08 | CP16: 678.43 | CQ16: 598.33 | CR16: 883.29 | CS16: 587.76 | CT16: 740.83 | CU16: 1700.91 | CV16: 549.21 | CW16: 660.73 | CX16: 915.12 | CY16: 768.14 | CZ16: 869.2 | DA16: 1089.89 | DB16: 1072.2 | DC16: 1236.93 | DD16: 2337.08 | DE16: 996.25 | DF16: 1918.87 | DG16: 3755.36 | DH16: 1112.22 | DI16: 961.47 | DJ16: 409.36 | DK16: 983.53 | DL16: 1019.96 | DM16: 1508.75 | DN16: 2012.29 | DO16: 2007.43 | DP16: 1848.26 | DQ16: 1064.54 | DR16: 1310.19 | DS16: 1556.47 | DT16: 898.4 | DU16: 548.47 | DV16: 654.6 | DW16: 836.97 | DX16: 515.48 | DY16: 844.05 | DZ16: 1379.57
A17: КРС | B17: Сельхозпредприятия | C17: СЕВЕРО-КАЗАХСТАНСКАЯ ОБЛАСТЬ | D17: 218.07 | E17: 303.24 | F17: 267.73 | G17: 280.28 | H17: 341.49 | I17: 353.54 | J17: 372.24 | K17: 234.7 | L17: 430.49 | M17: 387.3 | N17: 358.04 | O17: 1011.06 | P17: 341.98 | Q17: 370.56 | R17: 416.25 | S17: 504.44 | T17: 383.02 | U17: 499.68 | V17: 480.27 | W17: 324.19 | X17: 468.37 | Y17: 297.97 | Z17: 527.3 | AA17: 884.3 | AB17: 341.87 | AC17: 316.37 | AD17: 719.58 | AE17: 414.61 | AF17: 460.09 | AG17: 427.32 | AH17: 411.27 | AI17: 389.62 | AJ17: 635.97 | AK17: 424.33 | AL17: 366.3 | AM17: 912.52 | AN17: 494.92 | AO17: 471.05 | AP17: 470.98 | AQ17: 483.59 | AR17: 432.93 | AS17: 532.49 | AT17: 538.69 | AU17: 414.53 | AV17: 831.98 | AW17: 723.19 | AX17: 564.36 | AY17: 626.21 | AZ17: 1012.05 | BA17: 468.35 | BB17: 588.4 | BC17: 503.16 | BD17: 541.03 | BE17: 319.02 | BF17: 557.32 | BG17: 381.62 | BH17: 764.64 | BI17: 686.16 | BJ17: 592.07 | BK17: 480.3 | BL17: 558.71 | BM17: 615.82 | BN17: 529.01 | BO17: 454.54 | BP17: 634.85 | BQ17: 555.75 | BR17: 527.89 | BS17: 465.84 | BT17: 478.24 | BU17: 533.33 | BV17: 538.29 | BW17: 889 | BX17: 591.26 | BY17: 550.55 | BZ17: 507.42 | CA17: 459.87 | CB17: 528.94 | CC17: 1418.29 | CD17: 479.77 | CE17: 596.23 | CF17: 648.17 | CG17: 504.34 | CH17: 664.41 | CI17: 843.92 | CJ17: 768.53 | CK17: 560.8 | CL17: 442.98 | CM17: 679.06 | CN17: 602.34 | CO17: 754.7 | CP17: 672.36 | CQ17: 933.81 | CR17: 697.62 | CS17: 574.1 | CT17: 527.77 | CU17: 588.54 | CV17: 984.58 | CW17: 714.7 | CX17: 491.86 | CY17: 637.19 | CZ17: 805.11 | DA17: 558.52 | DB17: 395.9 | DC17: 630.21 | DD17: 845.73 | DE17: 730.06 | DF17: 711.61 | DG17: 847.3 | DH17: 596.12 | DI17: 989.29 | DJ17: 642.24 | DK17: 554.03 | DL17: 601.03 | DM17: 641.57 | DN17: 547.02 | DO17: 781.65 | DP17: 846.54 | DQ17: 888.54 | DR17: 667.25 | DS17: 620.08 | DT17: 707.37 | DU17: 718.89 | DV17: 1023.57 | DW17: 489.57 | DX17: 569.49 | DY17: 643.07 | DZ17: 539.46
A18: КРС | B18: Сельхозпредприятия | C18: ВОСТОЧНО-КАЗАХСТАНСКАЯ ОБЛАСТЬ | D18: 159.16 | E18: 156.45 | F18: 148.85 | G18: 163.8 | H18: 144.58 | I18: 239.64 | J18: 114.96 | K18: 104.63 | L18: 122.44 | M18: 104.61 | N18: 206.82 | O18: 219.19 | P18: 204.36 | Q18: 177.03 | R18: 172.56 | S18: 211.78 | T18: 141.65 | U18: 134.04 | V18: 141.97 | W18: 91.93 | X18: 283.74 | Y18: 147.68 | Z18: 217.08 | AA18: 273.54 | AB18: 203.81 | AC18: 128.84 | AD18: 199.39 | AE18: 186.04 | AF18: 184.49 | AG18: 128.07 | AH18: 117.95 | AI18: 111.19 | AJ18: 172.05 | AK18: 221.54 | AL18: 284.03 | AM18: 227.43 | AN18: 248.21 | AO18: 159.57 | AP18: 215.56 | AQ18: 245.75 | AR18: 302.96 | AS18: 199.41 | AT18: 138.97 | AU18: 164.26 | AV18: 571.97 | AW18: 174.7 | AX18: 284.69 | AY18: 313.99 | AZ18: 163.81 | BA18: 237.89 | BB18: 266.05 | BC18: 184.69 | BD18: 199.97 | BE18: 199.44 | BF18: 89.93 | BG18: 208.9 | BH18: 120.67 | BI18: 139.32 | BJ18: 113.26 | BK18: 212.78 | BL18: 151.44 | BM18: 168.09 | BN18: 160.47 | BO18: 193.65 | BP18: 198.09 | BQ18: 392.1 | BR18: 281.28 | BS18: 240.62 | BT18: 327.88 | BU18: 194.5 | BV18: 303.64 | BW18: 446.17 | BX18: 208.81 | BY18: 174.93 | BZ18: 289.09 | CA18: 194.13 | CB18: 216.21 | CC18: 242.64 | CD18: 238.61 | CE18: 214.74 | CF18: 213.25 | CG18: 225.47 | CH18: 214.58 | CI18: 364.48 | CJ18: 333.66 | CK18: 165.1 | CL18: 164.16 | CM18: 254.36 | CN18: 166.72 | CO18: 87.6 | CP18: 112.23 | CQ18: 152.53 | CR18: 164.24 | CS18: 110.24 | CT18: 182.39 | CU18: 146.32 | CV18: 142.15 | CW18: 153.67 | CX18: 132.31 | CY18: 280.38 | CZ18: 288.23 | DA18: 180.75 | DB18: 102.82 | DC18: 101.26 | DD18: 136.41 | DE18: 124.06 | DF18: 119.46 | DG18: 226.39 | DH18: 307.86 | DI18: 178.11 | DJ18: 104.42 | DK18: 97.76 | DL18: 255.84 | DM18: 135.62 | DN18: 90.49 | DO18: 92.79 | DP18: 157.31 | DQ18: 135.47 | DR18: 105.11 | DS18: 140.81 | DT18: 82.15 | DU18: 123.63 | DV18: 99.82 | DW18: 88.96 | DX18: 94.12 | DY18: 73.46 | DZ18: 76.64
A19: КРС | B19: Сельхозпредприятия | C19: ГАСТАНА | D19: 2.6 | E19: 18.7 | F19: 6.5 | G19: 11.8 | H19: 11.4 | I19: 12.2 | J19: 1.7 | K19: 2.77 | L19: 2.63 | M19: 3 | N19: 3.5 | O19: 2.9 | P19: 2.5 | Q19: 1.74 | R19: 2.01 | S19: 2.47 | T19: 2.67 | U19: 0.85 | V19: 1.22 | X19: 5.3 | AA19: 1.4 | AB19: 2.5 | AD19: 2.4 | AE19: 3.84 | AF19: 1.79 | AG19: 2.92 | AH19: 3.33 | AI19: 4.96 | AJ19: 8.33 | AK19: 7.56 | AL19: 7.99 | AM19: 3.95 | AN19: 5.07 | AO19: 0.51 | AP19: 1.81 | AQ19: 0.8 | AS19: 3.39 | AT19: 1.83 | AU19: 2.44 | AV19: 1.27 | AW19: 1.14 | AX19: 2.3 | AY19: 0.84 | AZ19: 1.24 | BA19: 1.79 | BB19: 0.62 | BC19: 0.96 | BD19: 0.59 | BE19: - | BF19: - | BG19: - | BH19: - | BI19: - | BJ19: - | BK19: 2.5 | BL19: - | BM19: - | BN19: 0.12 | BO19: - | BP19: - | BQ19: 0.2 | BR19: - | BS19: - | BT19: - | BU19: - | BV19: - | BW19: - | BX19: - | BY19: - | BZ19: - | CA19: - | CB19: - | CC19: - | CD19: - | CE19: - | CF19: - | CG19: - | CH19: - | CI19: - | CJ19: - | CK19: - | CL19: - | CM19: - | CN19: - | CO19: - | CP19: - | CQ19: - | CR19: - | CS19: 0.3 | CT19: 1.17 | CU19: 1.1 | CV19: - | CW19: - | CX19: - | CY19: - | CZ19: - | DA19: - | DB19: - | DC19: - | DD19: - | DE19: - | DF19: - | DG19: - | DH19: - | DI19: - | DJ19: - | DK19: - | DL19: - | DM19: - | DN19: - | DO19: - | DP19: - | DQ19: - | DR19: - | DS19: - | DT19: - | DU19: - | DV19: - | DW19: - | DX19: - | DY19: - | DZ19: -
A20: КРС | B20: Сельхозпредприятия | C20: ГАЛМАТЫ
A21: КРС | B21: Сельхозпредприятия | C21: ГШЫМКЕНТ | D21: - | E21: - | F21: - | G21: - | H21: - | I21: - | J21: - | K21: - | L21: - | M21: - | N21: - | O21: - | P21: - | Q21: - | R21: - | S21: - | T21: - | U21: - | V21: - | W21: - | X21: - | Y21: - | Z21: - | AA21: - | AB21: - | AC21: - | AD21: - | AE21: - | AF21: - | AG21: - | AH21: - | AI21: - | AJ21: - | AK21: - | AL21: - | AM21: - | AN21: - | AO21: - | AP21: - | AQ21: - | AR21: - | AS21: 905.63 | AT21: 583.22 | AU21: 5.12 | AV21: 67.68 | AW21: 3.24 | AX21: 21.83 | AY21: 50.41 | AZ21: 12.76 | BA21: 5.55 | BB21: 7.6 | BC21: 1205.5 | BD21: 1215.1 | BE21: 1555.6 | BF21: 473.18 | BG21: 519.6 | BH21: 128.42 | BI21: 310.47 | BJ21: 307.5 | BK21: 190.59 | BL21: 8.63 | BM21: 7.76 | BN21: 6.61 | BO21: 746.92 | BP21: 1114.42 | BQ21: 1810.28 | BR21: 350.53 | BS21: 571.21 | BT21: 165.95 | BU21: 551.41 | BV21: 243.51 | BW21: 185.68 | BX21: 64.77 | BY21: 117.88 | BZ21: 130.78 | CA21: 537.19 | CB21: 1187.86 | CC21: 2161.93 | CD21: 405.63 | CE21: 462.42 | CF21: 365.87 | CG21: 410.02 | CH21: 404.36 | CI21: 627.58 | CJ21: 101 | CK21: 255.3 | CL21: 213.45 | CM21: 353.3 | CN21: 55.9 | CP21: 5.1 | CQ21: 0.61 | CR21: 35.3 | CS21: 4.44 | CT21: 4.14 | CU21: 4.84 | CV21: 57.54 | CW21: 3.72 | CX21: 140.87 | CY21: 103.29 | CZ21: 5.55 | DA21: 23.4 | DB21: 46.87 | DC21: 23.69 | DD21: 76.4 | DE21: 1283.7 | DF21: 180.08 | DG21: 53.02 | DH21: 174.25 | DI21: 73.24 | DJ21: 119.83 | DK21: 104.42 | DL21: 6.12 | DM21: 16.03 | DN21: 9.76 | DO21: 12.12 | DP21: 12.32 | DQ21: 159.15 | DR21: 245.15 | DS21: 115.84 | DT21: 70.31 | DU21: 134.77 | DV21: 1.79 | DW21: - | DX21: 0.25 | DY21: - | DZ21: -
A22: КРС | B22: Сельхозпредприятия | C22: ТУРКЕСТАНСКАЯ ОБЛАСТЬ | D22: - | E22: - | F22: - | G22: - | H22: - | I22: - | J22: - | K22: - | L22: - | M22: - | N22: - | O22: - | P22: - | Q22: - | R22: - | S22: - | T22: - | U22: - | V22: - | W22: - | X22: - | Y22: - | Z22: - | AA22: - | AB22: - | AC22: - | AD22: - | AE22: - | AF22: - | AG22: - | AH22: - | AI22: - | AJ22: - | AK22: - | AL22: - | AM22: - | AN22: - | AO22: - | AP22: - | AQ22: - | AR22: - | AS22: 2793.3 | AT22: 1730.94 | AU22: 1152.82 | AV22: 566.87 | AW22: 455.01 | AX22: 753.18 | AY22: 983.43 | AZ22: 92.25 | BA22: 95.34 | BB22: 1414.18 | BC22: 241.98 | BD22: 411.56 | BE22: 3765.31 | BF22: 636.73 | BG22: 206.89 | BH22: 578.93 | BI22: 4854.42 | BJ22: 1504.57 | BK22: 2283.82 | BL22: 210.03 | BM22: 112.97 | BN22: 1923.87 | BO22: 247.72 | BP22: 133.29 | BQ22: 3484.21 | BR22: 301.36 | BS22: 1052.79 | BT22: 1152.52 | BU22: 4039.13 | BV22: 2950.09 | BW22: 1758.42 | BX22: 445.61 | BY22: 608.19 | BZ22: 400.46 | CA22: 1158.7 | CB22: 955.62 | CC22: 688.12 | CD22: 519.62 | CE22: 5463.34 | CF22: 1411.73 | CG22: 3026.9 | CH22: 2180.12 | CI22: 3163.36 | CJ22: 586.33 | CK22: 818.11 | CL22: 1473.6 | CM22: 1226.81 | CN22: 1090.08 | CO22: 1092.42 | CP22: 1065.41 | CQ22: 4968.52 | CR22: 2037.66 | CS22: 3958.6 | CT22: 1838.15 | CU22: 2672.82 | CV22: 646.89 | CW22: 627.55 | CX22: 849.66 | CY22: 3206.97 | CZ22: 1558.11 | DA22: 1228.01 | DB22: 1290.43 | DC22: 5666.1 | DD22: 4217.24 | DE22: 1004.76 | DF22: 936.44 | DG22: 3805.03 | DH22: 601.37 | DI22: 5917.21 | DJ22: 1366.07 | DK22: 4009.21 | DL22: 1575.56 | DM22: 10529.94 | DN22: 1593.86 | DO22: 4331.39 | DP22: 8049.47 | DQ22: 2910.8 | DR22: 2821.28 | DS22: 13033.74 | DT22: 1904.86 | DU22: 1883.04 | DV22: 1553.92 | DW22: 796.6 | DX22: 1674.08 | DY22: 3205.86 | DZ22: 3120.09
A23: КРС | B23: Сельхозпредприятия | C23: ОБЛАСТЬ ЖЕТІСУ | D23: - | E23: - | F23: - | G23: - | H23: - | I23: - | J23: - | K23: - | L23: - | M23: - | N23: - | O23: - | P23: - | Q23: - | R23: - | S23: - | T23: - | U23: - | V23: - | W23: - | X23: - | Y23: - | Z23: - | AA23: - | AB23: - | AC23: - | AD23: - | AE23: - | AF23: - | AG23: - | AH23: - | AI23: - | AJ23: - | AK23: - | AL23: - | AM23: - | AN23: - | AO23: - | AP23: - | AQ23: - | AR23: - | AS23: - | AT23: - | AU23: - | AV23: - | AW23: - | AX23: - | AY23: - | AZ23: - | BA23: - | BB23: - | BC23: - | BD23: - | BE23: - | BF23: - | BG23: - | BH23: - | BI23: - | BJ23: - | BK23: - | BL23: - | BM23: - | BN23: - | BO23: - | BP23: - | BQ23: - | BR23: - | BS23: - | BT23: - | BU23: - | BV23: - | BW23: - | BX23: - | BY23: - | BZ23: - | CA23: - | CB23: - | CC23: - | CD23: - | CE23: - | CF23: - | CG23: - | CH23: - | CI23: - | CJ23: - | CK23: - | CL23: - | CM23: - | CN23: - | CO23: 1219.62 | CP23: 30.89 | CQ23: 32.75 | CR23: 42.59 | CS23: 402.49 | CT23: 197.07 | CU23: 241 | CV23: 114.84 | CW23: 96.19 | CX23: 217.34 | CY23: 55.09 | CZ23: 71.81 | DA23: 1058.86 | DB23: 47.74 | DC23: 52.63 | DD23: 55.17 | DE23: 58.38 | DF23: 181.77 | DG23: 278.19 | DH23: 102 | DI23: 117.66 | DJ23: 74.65 | DK23: 43.77 | DL23: 249.15 | DM23: 687.32 | DN23: 1116.07 | DO23: 54.63 | DP23: 171.35 | DQ23: 113.1 | DR23: 126.03 | DS23: 741.76 | DT23: 154.82 | DU23: 150.15 | DV23: 129.65 | DW23: 83.23 | DX23: 162.04 | DY23: 888.34 | DZ23: 480.01
A24: КРС | B24: Сельхозпредприятия | C24: ОБЛАСТЬ ҰЛЫТАУ | D24: - | E24: - | F24: - | G24: - | H24: - | I24: - | J24: - | K24: - | L24: - | M24: - | N24: - | O24: - | P24: - | Q24: - | R24: - | S24: - | T24: - | U24: - | V24: - | W24: - | X24: - | Y24: - | Z24: - | AA24: - | AB24: - | AC24: - | AD24: - | AE24: - | AF24: - | AG24: - | AH24: - | AI24: - | AJ24: - | AK24: - | AL24: - | AM24: - | AN24: - | AO24: - | AP24: - | AQ24: - | AR24: - | AS24: - | AT24: - | AU24: - | AV24: - | AW24: - | AX24: - | AY24: - | AZ24: - | BA24: - | BB24: - | BC24: - | BD24: - | BE24: - | BF24: - | BG24: - | BH24: - | BI24: - | BJ24: - | BK24: - | BL24: - | BM24: - | BN24: - | BO24: - | BP24: - | BQ24: - | BR24: - | BS24: - | BT24: - | BU24: - | BV24: - | BW24: - | BX24: - | BY24: - | BZ24: - | CA24: - | CB24: - | CC24: - | CD24: - | CE24: - | CF24: - | CG24: - | CH24: - | CI24: - | CJ24: - | CK24: - | CL24: - | CM24: - | CN24: - | CS24: 46.34 | CT24: 59.24 | CU24: 69.13 | CV24: 4.65 | CW24: 2.95 | CX24: 30.2 | CY24: 77.97 | CZ24: 0.85 | DA24: 0.84 | DB24: 0.75 | DC24: 1.25 | DD24: 1.5 | DE24: 48.3 | DF24: 62.02 | DG24: 78.1 | DH24: 2.25 | DI24: 2.5 | DJ24: 4.8 | DK24: 3 | DL24: 3.25 | DM24: 3.75 | DN24: 4 | DO24: 4 | DP24: 4.25 | DQ24: 1 | DR24: 1.25 | DS24: 1.5 | DT24: 1.25 | DU24: 5.18 | DV24: 0.75 | DW24: 1 | DX24: 1.25 | DZ24: 1
A25: КРС | B25: Сельхозпредприятия | C25: ОБЛАСТЬ АБАЙ | D25: - | E25: - | F25: - | G25: - | H25: - | I25: - | J25: - | K25: - | L25: - | M25: - | N25: - | O25: - | P25: - | Q25: - | R25: - | S25: - | T25: - | U25: - | V25: - | W25: - | X25: - | Y25: - | Z25: - | AA25: - | AB25: - | AC25: - | AD25: - | AE25: - | AF25: - | AG25: - | AH25: - | AI25: - | AJ25: - | AK25: - | AL25: - | AM25: - | AN25: - | AO25: - | AP25: - | AQ25: - | AR25: - | AS25: - | AT25: - | AU25: - | AV25: - | AW25: - | AX25: - | AY25: - | AZ25: - | BA25: - | BB25: - | BC25: - | BD25: - | BE25: - | BF25: - | BG25: - | BH25: - | BI25: - | BJ25: - | BK25: - | BL25: - | BM25: - | BN25: - | BO25: - | BP25: - | BQ25: - | BR25: - | BS25: - | BT25: - | BU25: - | BV25: - | BW25: - | BX25: - | BY25: - | BZ25: - | CA25: - | CB25: - | CC25: - | CD25: - | CE25: - | CF25: - | CG25: - | CH25: - | CI25: - | CJ25: - | CK25: - | CL25: - | CM25: - | CN25: - | CO25: 40.64 | CP25: 53.14 | CQ25: 199.93 | CR25: 77.29 | CS25: 225.89 | CT25: 138.75 | CU25: 100.86 | CV25: 21.68 | CW25: 21.91 | CX25: 76.61 | CY25: 56.39 | CZ25: 105.11 | DA25: 26.71 | DB25: 23.33 | DC25: 60.59 | DD25: 55.31 | DE25: 100.43 | DF25: 102.55 | DG25: 112.53 | DH25: 108.73 | DI25: 155.23 | DJ25: 79.87 | DK25: 73.16 | DL25: 19.51 | DM25: 61.64 | DN25: 50.54 | DO25: 62.69 | DP25: 98.45 | DQ25: 73.12 | DR25: 59.06 | DS25: 98.7 | DT25: 71.76 | DU25: 52.01 | DV25: 104.48 | DW25: 64.29 | DX25: 128.23 | DY25: 57.61 | DZ25: 43.31
A26: КРС | B26: Крестьянские или фермерские хозяйства | C26: РЕСПУБЛИКА КАЗАХСТАН | D26: 6990.34 | E26: 6827.83 | F26: 13542.06 | G26: 7934.67 | H26: 8072.49 | I26: 18498.64 | J26: 8189.79 | K26: 10061.02 | L26: 14508.32 | M26: 10327.81 | N26: 16263.61 | O26: 25697.97 | P26: 7719.13 | Q26: 6942.05 | R26: 14759.27 | S26: 8525.8 | T26: 8971.42 | U26: 20600.94 | V26: 8788.7 | W26: 10425.04 | X26: 17514.84 | Y26: 12416.53 | Z26: 18807.92 | AA26: 29871.56 | AB26: 8479.02 | AC26: 8040.39 | AD26: 19058.27 | AE26: 11052.01 | AF26: 9998.72 | AG26: 23366.13 | AH26: 8868.57 | AI26: 12156.61 | AJ26: 19206.43 | AK26: 14189.9 | AL26: 21197.77 | AM26: 36309.32 | AN26: 9010.18 | AO26: 8581.73 | AP26: 20050.29 | AQ26: 12107.72 | AR26: 10176.87 | AS26: 25047.21 | AT26: 10037.33 | AU26: 13393.54 | AV26: 22042.08 | AW26: 15025.2 | AX26: 24675.63 | AY26: 40153.33 | AZ26: 9573.49 | BA26: 9092.55 | BB26: 21219.2 | BC26: 12818.41 | BD26: 11075.47 | BE26: 29175.87 | BF26: 10746.33 | BG26: 15016.76 | BH26: 23558.12 | BI26: 16494.43 | BJ26: 25913.58 | BK26: 42548.4 | BL26: 10105.7 | BM26: 9543.22 | BN26: 22352.67 | BO26: 13404.18 | BP26: 12005.71 | BQ26: 30759.43 | BR26: 11207.43 | BS26: 15739.93 | BT26: 24497.58 | BU26: 17371.99 | BV26: 27597.25 | BW26: 47031.82 | BX26: 10558.73 | BY26: 10067.09 | BZ26: 23315.78 | CA26: 13609.62 | CB26: 12506.41 | CC26: 32806.83 | CD26: 11673.68 | CE26: 16663.03 | CF26: 25365.26 | CG26: 18198.38 | CH26: 28657.35 | CI26: 47697.04 | CJ26: 10840.52 | CK26: 10501.25 | CL26: 23958.51 | CM26: 14134.91 | CN26: 12931.73 | CO26: 34317.37 | CP26: 12655.6 | CQ26: 17347.2 | CR26: 26962.91 | CS26: 19219.67 | CT26: 29748.17 | CU26: 47705.57 | CV26: 8169.29 | CW26: 7729.37 | CX26: 18792.84 | CY26: 10715.54 | CZ26: 9804.1 | DA26: 25233.74 | DB26: 10393.58 | DC26: 13467 | DD26: 20083.58 | DE26: 15149.94 | DF26: 21550.49 | DG26: 42456.29 | DH26: 8427.67 | DI26: 8743.87 | DJ26: 19395.19 | DK26: 11734.45 | DL26: 10771.28 | DM26: 26761.43 | DN26: 11588.69 | DO26: 13916.61 | DP26: 21993.32 | DQ26: 16281.58 | DR26: 22743.54 | DS26: 44788.76 | DT26: 8900.5 | DU26: 9510.2 | DV26: 20497.2 | DW26: 12516.9 | DX26: 11316.8 | DY26: 29329.4 | DZ26: 10799.8
A27: КРС | B27: Крестьянские или фермерские хозяйства | C27: АКМОЛИНСКАЯ ОБЛАСТЬ | D27: 166.32 | E27: 177.43 | F27: 209.71 | G27: 225.46 | H27: 159.54 | I27: 291.35 | J27: 141.73 | K27: 147.51 | L27: 278.57 | M27: 274.1 | N27: 429.47 | O27: 681.4 | P27: 205 | Q27: 200.66 | R27: 239.94 | S27: 230.72 | T27: 197.38 | U27: 415.39 | V27: 198.7 | W27: 158.65 | X27: 320.79 | Y27: 300.24 | Z27: 431.12 | AA27: 784.07 | AB27: 243.77 | AC27: 275.13 | AD27: 292.07 | AE27: 246.45 | AF27: 256.12 | AG27: 470.86 | AH27: 218.97 | AI27: 197.89 | AJ27: 385.49 | AK27: 394.29 | AL27: 492.15 | AM27: 933.05 | AN27: 269.56 | AO27: 307.95 | AP27: 302.96 | AQ27: 282.49 | AR27: 242.24 | AS27: 483.73 | AT27: 187.98 | AU27: 186.69 | AV27: 384.09 | AW27: 314.3 | AX27: 480.03 | AY27: 757.18 | AZ27: 294.24 | BA27: 335.52 | BB27: 313.96 | BC27: 308.78 | BD27: 285.02 | BE27: 487.95 | BF27: 200.33 | BG27: 188.44 | BH27: 395.55 | BI27: 330.99 | BJ27: 492.99 | BK27: 749.26 | BL27: 293.5 | BM27: 343.7 | BN27: 324.2 | BO27: 318.1 | BP27: 285.8 | BQ27: 491.8 | BR27: 208.2 | BS27: 181.6 | BT27: 386.9 | BU27: 352.4 | BV27: 501.1 | BW27: 784.6 | BX27: 294.3 | BY27: 371.8 | BZ27: 336.2 | CA27: 326.7 | CB27: 287.2 | CC27: 502.1 | CD27: 211.8 | CE27: 199.1 | CF27: 395.7 | CG27: 344 | CH27: 503 | CI27: 793.8 | CJ27: 288.3 | CK27: 379.4 | CL27: 343.8 | CM27: 330.9 | CN27: 284.9 | CO27: 516.4 | CP27: 213.4 | CQ27: 198.5 | CR27: 410.6 | CS27: 331.8 | CT27: 507.7 | CU27: 782.6 | CV27: 249.17 | CW27: 308.1 | CX27: 296.49 | CY27: 243.73 | CZ27: 262.34 | DA27: 425.92 | DB27: 223.35 | DC27: 157.66 | DD27: 354.79 | DE27: 305.23 | DF27: 468.73 | DG27: 674.44 | DH27: 310.3 | DI27: 434.6 | DJ27: 341.7 | DK27: 290.6 | DL27: 288.6 | DM27: 461.9 | DN27: 229.5 | DO27: 213.2 | DP27: 413.7 | DQ27: 330.6 | DR27: 559.6 | DS27: 824.1 | DT27: 313.5 | DU27: 460.2 | DV27: 386.1 | DW27: 322.3 | DX27: 297.2 | DY27: 580.8 | DZ27: 220.8
A28: КРС | B28: Крестьянские или фермерские хозяйства | C28: АКТЮБИНСКАЯ ОБЛАСТЬ | D28: 523.08 | E28: 443.62 | F28: 616.44 | G28: 547.47 | H28: 415.09 | I28: 559.28 | J28: 525.5 | K28: 527.16 | L28: 863.7 | M28: 328.56 | N28: 1195.99 | O28: 1313.25 | P28: 457.23 | Q28: 434.54 | R28: 821.2 | S28: 645.86 | T28: 451.47 | U28: 534.94 | V28: 540.3 | W28: 512.27 | X28: 942.36 | Y28: 427.09 | Z28: 1287.97 | AA28: 1355.66 | AB28: 488.3 | AC28: 610.51 | AD28: 1116.49 | AE28: 756.61 | AF28: 713.18 | AG28: 593 | AH28: 594.22 | AI28: 598.11 | AJ28: 1059.17 | AK28: 351.84 | AL28: 1414.54 | AM28: 1513.52 | AN28: 632.52 | AO28: 633.58 | AP28: 1176.71 | AQ28: 790.78 | AR28: 745.75 | AS28: 691.06 | AT28: 1162.27 | AU28: 754.85 | AV28: 1389.48 | AW28: 425.5 | AX28: 1572.14 | AY28: 1528.76 | AZ28: 690.87 | BA28: 665.25 | BB28: 1310.82 | BC28: 868.39 | BD28: 805.99 | BE28: 833.96 | BF28: 1319.42 | BG28: 954.54 | BH28: 1730.73 | BI28: 834.4 | BJ28: 1588.68 | BK28: 1623.34 | BL28: 744.8 | BM28: 732 | BN28: 1403.3 | BO28: 998.5 | BP28: 966.5 | BQ28: 858 | BR28: 1346.7 | BS28: 1066.8 | BT28: 1776.2 | BU28: 853.4 | BV28: 1730.6 | BW28: 1667.5 | BX28: 767 | BY28: 751.5 | BZ28: 1444.6 | CA28: 1019.2 | CB28: 1034.6 | CC28: 868.6 | CD28: 1387.2 | CE28: 1092.6 | CF28: 1840.9 | CG28: 954.9 | CH28: 1748.9 | CI28: 1695.8 | CJ28: 797.5 | CK28: 776.5 | CL28: 1481 | CM28: 1043 | CN28: 1038.7 | CO28: 890.7 | CP28: 1422.2 | CQ28: 1115.1 | CR28: 1930.6 | CS28: 986.3 | CT28: 1831.3 | CU28: 1769 | CV28: 715.47 | CW28: 766.79 | CX28: 1256.61 | CY28: 1012.69 | CZ28: 944.33 | DA28: 773.89 | DB28: 1122.63 | DC28: 967.87 | DD28: 1505.43 | DE28: 761.22 | DF28: 1441.35 | DG28: 2155.41 | DH28: 767.7 | DI28: 769.9 | DJ28: 1398.8 | DK28: 1180.5 | DL28: 1024.5 | DM28: 839.9 | DN28: 1191.3 | DO28: 1031.7 | DP28: 1646 | DQ28: 943.5 | DR28: 1593 | DS28: 1893.4 | DT28: 816.5 | DU28: 819.6 | DV28: 1489.8 | DW28: 1256.8 | DX28: 1091 | DY28: 914.2 | DZ28: 1248.6
A29: КРС | B29: Крестьянские или фермерские хозяйства | C29: АЛМАТИНСКАЯ ОБЛАСТЬ | D29: 1006.07 | E29: 511.75 | F29: 6312.49 | G29: 669.05 | H29: 615.78 | I29: 4474.67 | J29: 820.6 | K29: 1912.53 | L29: 1568.1 | M29: 2324.02 | N29: 2812.75 | O29: 4090.2 | P29: 935.91 | Q29: 542.12 | R29: 6632.88 | S29: 558.04 | T29: 600.63 | U29: 4802.24 | V29: 761.78 | W29: 2002.54 | X29: 1848.3 | Y29: 3129.96 | Z29: 4182.87 | AA29: 7326.03 | AB29: 1415.41 | AC29: 644.29 | AD29: 9165.95 | AE29: 2291.1 | AF29: 625.75 | AG29: 6516.95 | AH29: 877.46 | AI29: 2989.6 | AJ29: 2459.17 | AK29: 4024.56 | AL29: 5647.78 | AM29: 10334.99 | AN29: 1433.4 | AO29: 726.14 | AP29: 9854.26 | AQ29: 3065.64 | AR29: 671.5 | AS29: 7220.02 | AT29: 960.1 | AU29: 3518.13 | AV29: 3741.36 | AW29: 4619.27 | AX29: 7235.18 | AY29: 12797.58 | AZ29: 1493.23 | BA29: 745.91 | BB29: 10296.06 | BC29: 3290.32 | BD29: 759.12 | BE29: 8910.52 | BF29: 996 | BG29: 4462.03 | BH29: 4478.53 | BI29: 4771.02 | BJ29: 6527.06 | BK29: 12448.71 | BL29: 1600.4 | BM29: 778.7 | BN29: 10499.3 | BO29: 3374.7 | BP29: 1028 | BQ29: 9432.7 | BR29: 962.7 | BS29: 4683.3 | BT29: 4657.6 | BU29: 5116.4 | BV29: 6915.6 | BW29: 13177.8 | BX29: 1664.3 | BY29: 820.2 | BZ29: 10992.2 | CA29: 3329.4 | CB29: 1113.3 | CC29: 9946.6 | CD29: 1016.4 | CE29: 5182.3 | CF29: 4961.8 | CG29: 5360 | CH29: 7209.6 | CI29: 13188.4 | CJ29: 1651.4 | CK29: 820.3 | CL29: 11293.5 | CM29: 3465.6 | CN29: 1149.8 | CO29: 5810.3 | CP29: 759.8 | CQ29: 3876.9 | CR29: 2238.2 | CS29: 3304.9 | CT29: 4287.6 | CU29: 6098.5 | CV29: 705.68 | CW29: 425.44 | CX29: 4603.18 | CY29: 1157.36 | CZ29: 500.11 | DA29: 4374.9 | DB29: 549.78 | DC29: 3102.75 | DD29: 1721.52 | DE29: 2236.16 | DF29: 3206.77 | DG29: 4540.94 | DH29: 640.2 | DI29: 425.4 | DJ29: 4592.1 | DK29: 1166.8 | DL29: 702 | DM29: 4396 | DN29: 644.2 | DO29: 3061.4 | DP29: 2726.7 | DQ29: 2375.7 | DR29: 3392.1 | DS29: 4825.9 | DT29: 695.4 | DU29: 492.3 | DV29: 4698.8 | DW29: 1185.7 | DX29: 700.3 | DY29: 4631.9 | DZ29: 652.2
A30: КРС | B30: Крестьянские или фермерские хозяйства | C30: АТЫРАУСКАЯ ОБЛАСТЬ | D30: 343.15 | E30: 145.05 | F30: 325.72 | G30: 264.21 | H30: 203.92 | I30: 269.1 | J30: 198.13 | K30: 229.7 | L30: 365 | M30: 319.46 | N30: 340.2 | O30: 726.7 | P30: 335.5 | Q30: 154.8 | R30: 330.75 | S30: 282.75 | T30: 243.1 | U30: 201.8 | V30: 223.49 | W30: 238.18 | X30: 437.16 | Y30: 343.95 | Z30: 330.7 | AA30: 567.45 | AB30: 364.95 | AC30: 164.6 | AD30: 342.93 | AE30: 306.87 | AF30: 211.66 | AG30: 216.43 | AH30: 220.26 | AI30: 242.27 | AJ30: 417.37 | AK30: 348.52 | AL30: 339.94 | AM30: 621.42 | AN30: 372.26 | AO30: 161.19 | AP30: 350.6 | AQ30: 273.8 | AR30: 209.95 | AS30: 200.62 | AT30: 224.5 | AU30: 259.09 | AV30: 446.64 | AW30: 377.04 | AX30: 402.2 | AY30: 715.52 | AZ30: 491.06 | BA30: 197.27 | BB30: 359.71 | BC30: 365.2 | BD30: 382.22 | BE30: 365.3 | BF30: 247.5 | BG30: 313.5 | BH30: 479.2 | BI30: 511.7 | BJ30: 445.5 | BK30: 727.8 | BL30: 515.6 | BM30: 233.2 | BN30: 399.5 | BO30: 390.4 | BP30: 377.5 | BQ30: 446.5 | BR30: 280.3 | BS30: 325.7 | BT30: 472.6 | BU30: 484.8 | BV30: 466 | BW30: 952.4 | BX30: 528.8 | BY30: 281.3 | BZ30: 402.9 | CA30: 360.3 | CB30: 416.9 | CC30: 464.8 | CD30: 308.5 | CE30: 349.3 | CF30: 512.2 | CG30: 571.5 | CH30: 529.8 | CI30: 970.8 | CJ30: 539.2 | CK30: 308.5 | CL30: 427.7 | CM30: 411.4 | CN30: 419.9 | CO30: 619.1 | CP30: 435.1 | CQ30: 404.1 | CR30: 529.8 | CS30: 613.5 | CT30: 567.7 | CU30: 1031.4 | CV30: 435.43 | CW30: 271.98 | CX30: 380.75 | CY30: 318.45 | CZ30: 309.21 | DA30: 537.29 | DB30: 354.37 | DC30: 336.18 | DD30: 482.02 | DE30: 503.88 | DF30: 549.47 | DG30: 899.7 | DH30: 378.5 | DI30: 376.1 | DJ30: 377.1 | DK30: 468.5 | DL30: 346.1 | DM30: 569.7 | DN30: 370.1 | DO30: 352.8 | DP30: 487.1 | DQ30: 665.2 | DR30: 617.4 | DS30: 1059.9 | DT30: 478.5 | DU30: 481.4 | DV30: 473.6 | DW30: 520 | DX30: 365.9 | DY30: 781.5 | DZ30: 397.1
A31: КРС | B31: Крестьянские или фермерские хозяйства | C31: ЗАПАДНО-КАЗАХСТАНСКАЯ ОБЛАСТЬ | D31: 784.59 | E31: 793.24 | F31: 1004.67 | G31: 1265.24 | H31: 1536 | I31: 2419.72 | J31: 824.47 | K31: 1175.26 | L31: 1960.37 | M31: 1365.39 | N31: 1541 | O31: 2182.71 | P31: 828.49 | Q31: 755.7 | R31: 1150.94 | S31: 1451.33 | T31: 1591.1 | U31: 2462.99 | V31: 781.58 | W31: 1062.95 | X31: 2178.91 | Y31: 1631 | Z31: 1388.2 | AA31: 2539.53 | AB31: 896.85 | AC31: 828.16 | AD31: 1258.48 | AE31: 1523.49 | AF31: 1592.4 | AG31: 2787.44 | AH31: 824.93 | AI31: 1025.15 | AJ31: 2409.27 | AK31: 1444.89 | AL31: 1748.92 | AM31: 3136.84 | AN31: 844.7 | AO31: 874.4 | AP31: 1311.3 | AQ31: 1537.8 | AR31: 1597.38 | AS31: 2837.8 | AT31: 860.15 | AU31: 1044.85 | AV31: 2761.1 | AW31: 1353.34 | AX31: 1735.18 | AY31: 3209.48 | AZ31: 874.15 | BA31: 887.17 | BB31: 1333.05 | BC31: 1552.05 | BD31: 1709.9 | BE31: 3474.7 | BF31: 930.69 | BG31: 1053 | BH31: 2632.9 | BI31: 1307.04 | BJ31: 1775.5 | BK31: 3384.3 | BL31: 859.8 | BM31: 883.6 | BN31: 1509.7 | BO31: 1588 | BP31: 1709.5 | BQ31: 3301.4 | BR31: 916.3 | BS31: 1072.3 | BT31: 2594.1 | BU31: 1292.9 | BV31: 1967.9 | BW31: 3787.3 | BX31: 875.2 | BY31: 961.1 | BZ31: 1709.9 | CA31: 1524.9 | CB31: 1716.9 | CC31: 3302.8 | CD31: 922.6 | CE31: 1081 | CF31: 2621.6 | CG31: 1307.4 | CH31: 1986.8 | CI31: 3818.1 | CJ31: 882.6 | CK31: 969.3 | CL31: 1717.5 | CM31: 1539.7 | CN31: 1746.2 | CO31: 3330.6 | CP31: 999.8 | CQ31: 1165.5 | CR31: 2830.7 | CS31: 1449.8 | CT31: 2130.4 | CU31: 4114 | CV31: 804.4 | CW31: 966.41 | CX31: 1511.02 | CY31: 1729.23 | CZ31: 1717.81 | DA31: 3107.65 | DB31: 1051.43 | DC31: 1169.5 | DD31: 2492.35 | DE31: 1504.88 | DF31: 2102.32 | DG31: 3759.79 | DH31: 919.2 | DI31: 1159.4 | DJ31: 1845.2 | DK31: 2016.1 | DL31: 2047.5 | DM31: 3497.8 | DN31: 1070.3 | DO31: 1193.4 | DP31: 2569.2 | DQ31: 1530.6 | DR31: 2204.7 | DS31: 4111.4 | DT31: 950.9 | DU31: 1208 | DV31: 1922.1 | DW31: 2096 | DX31: 2120.3 | DY31: 3634.7 | DZ31: 1112.8
A32: КРС | B32: Крестьянские или фермерские хозяйства | C32: ЖАМБЫЛСКАЯ ОБЛАСТЬ | D32: 628.62 | E32: 794.34 | F32: 654.4 | G32: 855.19 | H32: 607.13 | I32: 1177.53 | J32: 495.47 | K32: 999.72 | L32: 1420.37 | M32: 969.77 | N32: 2555.51 | O32: 2771.68 | P32: 758.77 | Q32: 702.62 | R32: 593.73 | S32: 897.32 | T32: 681.43 | U32: 1070.16 | V32: 489.88 | W32: 1027.8 | X32: 1580.23 | Y32: 1203.78 | Z32: 3808.14 | AA32: 3415.43 | AB32: 819.1 | AC32: 994.69 | AD32: 859.32 | AE32: 1180.83 | AF32: 1021.62 | AG32: 1455.59 | AH32: 710.7 | AI32: 1355.04 | AJ32: 1653.28 | AK32: 1451.88 | AL32: 3507.65 | AM32: 5102.53 | AN32: 976.03 | AO32: 1074.35 | AP32: 919.72 | AQ32: 1088.97 | AR32: 1075.95 | AS32: 1524.85 | AT32: 730.4 | AU32: 1406.26 | AV32: 1667.59 | AW32: 1550.99 | AX32: 3734.31 | AY32: 5295.59 | AZ32: 1012.93 | BA32: 1100.18 | BB32: 958.61 | BC32: 1126.8 | BD32: 1127.29 | BE32: 1572.19 | BF32: 739.07 | BG32: 1480.8 | BH32: 1722.02 | BI32: 1573.96 | BJ32: 3792.4 | BK32: 5440.73 | BL32: 1032.5 | BM32: 1122.7 | BN32: 979.4 | BO32: 1147.4 | BP32: 1151.8 | BQ32: 1602.5 | BR32: 754.1 | BS32: 1510.3 | BT32: 1768.7 | BU32: 1605.5 | BV32: 3871.6 | BW32: 5555.1 | BX32: 1053.2 | BY32: 1162.3 | BZ32: 1006.8 | CA32: 1188.2 | CB32: 1191.7 | CC32: 1764.4 | CD32: 767.5 | CE32: 1538.2 | CF32: 1839.6 | CG32: 1618 | CH32: 4010.4 | CI32: 5750.8 | CJ32: 1071.9 | CK32: 1184 | CL32: 1037.3 | CM32: 1214.7 | CN32: 1219.2 | CO32: 1805 | CP32: 784.5 | CQ32: 1572.7 | CR32: 1890.3 | CS32: 1661.9 | CT32: 4109.3 | CU32: 5889.5 | CV32: 523.69 | CW32: 830.96 | CX32: 875.32 | CY32: 896.54 | CZ32: 1074.4 | DA32: 1211.2 | DB32: 505.12 | DC32: 979.44 | DD32: 1270.4 | DE32: 1143.6 | DF32: 1897.9 | DG32: 4670.89 | DH32: 541.5 | DI32: 865.9 | DJ32: 904.3 | DK32: 926.7 | DL32: 1110.7 | DM32: 1257.2 | DN32: 524 | DO32: 1014.8 | DP32: 1331.3 | DQ32: 1188.8 | DR32: 1969.6 | DS32: 4848.5 | DT32: 559.5 | DU32: 1052.2 | DV32: 1017.6 | DW32: 1046.2 | DX32: 1260 | DY32: 1419.3 | DZ32: 591.4
A33: КРС | B33: Крестьянские или фермерские хозяйства | C33: КАРАГАНДИНСКАЯ ОБЛАСТЬ | D33: 884.45 | E33: 839.84 | F33: 609.7 | G33: 555.11 | H33: 753.08 | I33: 2934.28 | J33: 914.23 | K33: 1136.01 | L33: 2338.12 | M33: 970.77 | N33: 1618.62 | O33: 2367.55 | P33: 979.69 | Q33: 927.17 | R33: 702.92 | S33: 501.35 | T33: 910.91 | U33: 3334.26 | V33: 1134.03 | W33: 1203.79 | X33: 2954.45 | Y33: 1054.73 | Z33: 1753.59 | AA33: 2392.2 | AB33: 1077.25 | AC33: 995.17 | AD33: 963.69 | AE33: 599.6 | AF33: 714.76 | AG33: 3608.05 | AH33: 890.69 | AI33: 1265.5 | AJ33: 3119.38 | AK33: 1297.68 | AL33: 1782.65 | AM33: 2490.3 | AN33: 1093.05 | AO33: 1025 | AP33: 977.05 | AQ33: 616.59 | AR33: 755.97 | AS33: 3813.29 | AT33: 890.31 | AU33: 1307.13 | AV33: 3320.17 | AW33: 1351.17 | AX33: 1848.77 | AY33: 2567.64 | AZ33: 1111.78 | BA33: 1053.77 | BB33: 1102.77 | BC33: 652.24 | BD33: 799.9 | BE33: 4395.86 | BF33: 1010.76 | BG33: 1361.77 | BH33: 3439.88 | BI33: 1322.64 | BJ33: 1968.77 | BK33: 2909.63 | BL33: 1140.5 | BM33: 1087.6 | BN33: 1403.9 | BO33: 657.7 | BP33: 851.9 | BQ33: 4904.8 | BR33: 1124.1 | BS33: 1427.2 | BT33: 3613.6 | BU33: 1428.2 | BV33: 2159.1 | BW33: 3105.2 | BX33: 1188.7 | BY33: 1140.2 | BZ33: 1458.5 | CA33: 683.8 | CB33: 901.1 | CC33: 5138.7 | CD33: 1193 | CE33: 1532.8 | CF33: 3816.7 | CG33: 1502.4 | CH33: 2296.4 | CI33: 3278.6 | CJ33: 1239.9 | CK33: 1198.4 | CL33: 1519.1 | CM33: 729.5 | CN33: 949.2 | CO33: 3814.7 | CP33: 1086.5 | CQ33: 1235.4 | CR33: 2742.6 | CS33: 1279.7 | CT33: 1969.7 | CU33: 1970.5 | CV33: 572.27 | CW33: 602.86 | CX33: 995.52 | CY33: 396.49 | CZ33: 384.46 | DA33: 3143.04 | DB33: 923.5 | DC33: 1070.77 | DD33: 2202.55 | DE33: 1026.52 | DF33: 1650.84 | DG33: 1770.9 | DH33: 578.8 | DI33: 617.5 | DJ33: 1026 | DK33: 398.1 | DL33: 388.7 | DM33: 3162.9 | DN33: 942 | DO33: 1116.7 | DP33: 2289.8 | DQ33: 1071 | DR33: 1669.2 | DS33: 1827 | DT33: 584.8 | DU33: 644.9 | DV33: 1041.6 | DW33: 404.9 | DX33: 411.9 | DY33: 3320.2 | DZ33: 954.8
A34: КРС | B34: Крестьянские или фермерские хозяйства | C34: КОСТАНАЙСКАЯ ОБЛАСТЬ | D34: 104.43 | E34: 129.37 | F34: 112.02 | G34: 126.6 | H34: 235.85 | I34: 192.68 | J34: 120.7 | K34: 73.62 | L34: 136.01 | M34: 92.56 | N34: 269.18 | O34: 682.43 | P34: 103.88 | Q34: 159.45 | R34: 119.34 | S34: 131.1 | T34: 205.32 | U34: 1322.69 | V34: 112.09 | W34: 29.46 | X34: 162.4 | Y34: 101.3 | Z34: 278.98 | AA34: 803.42 | AB34: 111.07 | AC34: 153.62 | AD34: 144.41 | AE34: 143.86 | AF34: 232.59 | AG34: 271.75 | AH34: 72.62 | AI34: 42.73 | AJ34: 137.4 | AK34: 56.19 | AL34: 308.19 | AM34: 789 | AN34: 148.69 | AO34: 165.48 | AP34: 155.82 | AQ34: 155.21 | AR34: 250.96 | AS34: 291.96 | AT34: 74.88 | AU34: 44.13 | AV34: 141.34 | AW34: 57.94 | AX34: 318.69 | AY34: 815.4 | AZ34: 153.7 | BA34: 171.21 | BB34: 161.08 | BC34: 160.36 | BD34: 259.13 | BE34: 301.47 | BF34: 78.34 | BG34: 46.16 | BH34: 145.83 | BI34: 59.95 | BJ34: 329.77 | BK34: 843.93 | BL34: 164.9 | BM34: 183.7 | BN34: 172.3 | BO34: 171.5 | BP34: 273.7 | BQ34: 318.3 | BR34: 82.2 | BS34: 48.4 | BT34: 153.2 | BU34: 62.9 | BV34: 346.4 | BW34: 884.5 | BX34: 174.1 | BY34: 193.8 | BZ34: 181.5 | CA34: 180.3 | CB34: 287.4 | CC34: 334 | CD34: 91.7 | CE34: 54 | CF34: 170 | CG34: 69.6 | CH34: 382.2 | CI34: 951.7 | CJ34: 191.2 | CK34: 212.8 | CL34: 198.4 | CM34: 196.9 | CN34: 313.7 | CO34: 363.8 | CP34: 104.6 | CQ34: 61.6 | CR34: 194 | CS34: 79.3 | CT34: 435.5 | CU34: 981.9 | CV34: 50.36 | CW34: 63.62 | CX34: 70.39 | CY34: 87.29 | CZ34: 110.17 | DA34: 118.2 | DB34: 29.79 | DC34: 20.38 | DD34: 81.45 | DE34: 30.53 | DF34: 135.41 | DG34: 287.7 | DH34: 51.7 | DI34: 65.7 | DJ34: 73.1 | DK34: 90.7 | DL34: 113.9 | DM34: 124.5 | DN34: 30.2 | DO34: 20.7 | DP34: 82.9 | DQ34: 31 | DR34: 137.7 | DS34: 292.5 | DT34: 56 | DU34: 71.1 | DV34: 79.2 | DW34: 98.3 | DX34: 123.5 | DY34: 135.5 | DZ34: 29.9
A35: КРС | B35: Крестьянские или фермерские хозяйства | C35: КЫЗЫЛОРДИНСКАЯ ОБЛАСТЬ | D35: 100 | E35: 89.24 | F35: 162.92 | G35: 193.43 | H35: 99.46 | I35: 214.1 | J35: 158.07 | K35: 203.86 | L35: 134.16 | M35: 98.43 | N35: 89.7 | O35: 151.42 | P35: 115.87 | Q35: 113.55 | R35: 156.28 | S35: 149.03 | T35: 132.84 | U35: 269.92 | V35: 149.71 | W35: 187.69 | X35: 199.4 | Y35: 204.35 | Z35: 181.7 | AA35: 245.31 | AB35: 138.19 | AC35: 151.45 | AD35: 138.82 | AE35: 208.44 | AF35: 170.67 | AG35: 227.62 | AH35: 123.16 | AI35: 180.9 | AJ35: 246.01 | AK35: 199.77 | AL35: 262.29 | AM35: 174.48 | AN35: 143.96 | AO35: 147.17 | AP35: 140.56 | AQ35: 201.8 | AR35: 172.54 | AS35: 209.2 | AT35: 114.05 | AU35: 189.2 | AV35: 237.56 | AW35: 185.78 | AX35: 249.83 | AY35: 172.92 | AZ35: 145.95 | BA35: 146.53 | BB35: 139.41 | BC35: 211.46 | BD35: 175.92 | BE35: 212.89 | BF35: 114.41 | BG35: 184.85 | BH35: 233.02 | BI35: 181.32 | BJ35: 255.45 | BK35: 178.6 | BL35: 148.2 | BM35: 150.3 | BN35: 143 | BO35: 202.8 | BP35: 179.7 | BQ35: 207.6 | BR35: 125.9 | BS35: 201.1 | BT35: 243 | BU35: 206.1 | BV35: 294.5 | BW35: 221 | BX35: 166.3 | BY35: 172 | BZ35: 137.9 | CA35: 205.6 | CB35: 203.9 | CC35: 243.2 | CD35: 129.5 | CE35: 204.7 | CF35: 255.7 | CG35: 205.4 | CH35: 308.2 | CI35: 245.7 | CJ35: 171.2 | CK35: 178.5 | CL35: 143.2 | CM35: 209.1 | CN35: 209 | CO35: 286.5 | CP35: 130.8 | CQ35: 208.5 | CR35: 287.2 | CS35: 213.3 | CT35: 340.9 | CU35: 273.6 | CV35: 145.73 | CW35: 142.25 | CX35: 118.37 | CY35: 168.28 | CZ35: 156.35 | DA35: 179.75 | DB35: 109.5 | DC35: 153.13 | DD35: 219.45 | DE35: 170.64 | DF35: 286.98 | DG35: 180.79 | DH35: 138 | DI35: 154.2 | DJ35: 124.3 | DK35: 168.2 | DL35: 168.7 | DM35: 183.5 | DN35: 137.7 | DO35: 103.6 | DP35: 224.1 | DQ35: 176.6 | DR35: 294.3 | DS35: 509.4 | DT35: 144.5 | DU35: 166.8 | DV35: 127.7 | DW35: 175.1 | DX35: 196.9 | DY35: 189.2 | DZ35: 158.2
A36: КРС | B36: Крестьянские или фермерские хозяйства | C36: МАНГИСТАУСКАЯ ОБЛАСТЬ | D36: 11.76 | E36: 61.32 | F36: 84.04 | G36: 152.56 | H36: 34.97 | I36: 42.3 | J36: 57.53 | K36: 28.49 | L36: 11.29 | M36: 167.79 | N36: 49.07 | O36: 120.13 | P36: 11.83 | Q36: 12.13 | R36: 18.9 | S36: 14.38 | T36: 14.37 | U36: 17.2 | V36: 15.23 | W36: 15.23 | X36: 26.5 | Y36: 18.9 | Z36: 27.36 | AA36: 200.78 | AB36: 12.69 | AC36: 13.25 | AD36: 19.45 | AE36: 15.23 | AF36: 15.23 | AG36: 18.32 | AH36: 15.79 | AI36: 15.79 | AJ36: 26.78 | AK36: 19.46 | AL36: 32.72 | AM36: 259.43 | AN36: 20.03 | AO36: 22.83 | AP36: 25.38 | AQ36: 21.16 | AR36: 13.82 | AS36: 24.81 | AT36: 19.74 | AU36: 18.89 | AV36: 47.93 | AW36: 26.51 | AX36: 55 | AY36: 271.84 | AZ36: 21.72 | BA36: 26.8 | BB36: 40.88 | BC36: 48.5 | BD36: 15.5 | BE36: 54.7 | BF36: 24.54 | BG36: 23.97 | BH36: 61.76 | BI36: 32.14 | BJ36: 88.83 | BK36: 286.79 | BL36: 38.4 | BM36: 31 | BN36: 40.9 | BO36: 49.4 | BP36: 17.2 | BQ36: 58.7 | BR36: 28.2 | BS36: 27.4 | BT36: 97 | BU36: 32.2 | BV36: 91.9 | BW36: 296.7 | BX36: 40.3 | BY36: 34.4 | BZ36: 42.6 | CA36: 52.7 | CB36: 17.8 | CC36: 74.4 | CD36: 33.6 | CE36: 29.6 | CF36: 99 | CG36: 49.9 | CH36: 106.6 | CI36: 327.7 | CJ36: 43.7 | CK36: 37.2 | CL36: 45.1 | CM36: 55.8 | CN36: 18.9 | CO36: 77.6 | CP36: 34.7 | CQ36: 30.7 | CR36: 102.4 | CS36: 52.7 | CT36: 111.7 | CU36: 337.8 | CV36: 42.18 | CW36: 32.33 | CX36: 44.09 | CY36: 57.39 | CZ36: 18.55 | DA36: 78.37 | DB36: 34.49 | DC36: 32.28 | DD36: 105.78 | DE36: 53.39 | DF36: 83.79 | DG36: 214.9 | DH36: 40 | DI36: 33.6 | DJ36: 44.8 | DK36: 57.2 | DL36: 18 | DM36: 77.6 | DN36: 32.7 | DO36: 30.5 | DP36: 100.7 | DQ36: 50.8 | DR36: 80.1 | DS36: 208.7 | DT36: 42 | DU36: 35.5 | DV36: 47.4 | DW36: 60.1 | DX36: 13.8 | DY36: 81.5 | DZ36: 34.1
A37: КРС | B37: Крестьянские или фермерские хозяйства | C37: ЮЖНО-КАЗАХСТАНСКАЯ ОБЛАСТЬ | D37: 177.18 | E37: 152.84 | F37: 270.44 | G37: 228.33 | H37: 322.4 | I37: 594.1 | J37: 457.4 | K37: 415 | L37: 224.04 | M37: 240.6 | N37: 230.15 | O37: 429.2 | P37: 316.44 | Q37: 157.54 | R37: 440.05 | S37: 382.9 | T37: 414.17 | U37: 525.47 | V37: 391.02 | W37: 410.59 | X37: 556.91 | Y37: 442.73 | Z37: 305.97 | AA37: 374 | AB37: 267.54 | AC37: 183.39 | AD37: 594.41 | AE37: 309.78 | AF37: 350.4 | AG37: 466.5 | AH37: 349.3 | AI37: 364.8 | AJ37: 442.47 | AK37: 484.46 | AL37: 483.5 | AM37: 585.55 | AN37: 248 | AO37: 217.1 | AP37: 622.63 | AQ37: 329.57 | AR37: 368.18 | AS37: - | AT37: - | AU37: - | AV37: - | AW37: - | AX37: - | AY37: - | AZ37: - | BA37: - | BB37: - | BC37: - | BD37: - | BE37: - | BF37: - | BG37: - | BH37: - | BI37: - | BJ37: - | BK37: - | BL37: - | BM37: - | BN37: - | BO37: - | BP37: - | BQ37: - | BR37: - | BS37: - | BT37: - | BU37: - | BV37: - | BW37: - | BX37: - | BY37: - | BZ37: - | CA37: - | CB37: - | CC37: - | CD37: - | CE37: - | CF37: - | CG37: - | CH37: - | CI37: - | CJ37: - | CK37: - | CL37: - | CM37: - | CN37: - | CO37: - | CP37: - | CQ37: - | CR37: - | CS37: - | CT37: - | CU37: - | CV37: - | CW37: - | CX37: - | CY37: - | CZ37: - | DA37: - | DB37: - | DC37: - | DD37: - | DE37: - | DF37: - | DG37: - | DH37: - | DI37: - | DJ37: - | DK37: - | DL37: - | DM37: - | DN37: - | DO37: - | DP37: - | DQ37: - | DR37: - | DS37: - | DT37: - | DU37: - | DV37: - | DW37: - | DX37: - | DY37: - | DZ37: -
A38: КРС | B38: Крестьянские или фермерские хозяйства | C38: ПАВЛОДАРСКАЯ ОБЛАСТЬ | D38: 530.1 | E38: 682.96 | F38: 881.67 | G38: 720.92 | H38: 776.29 | I38: 1335.89 | J38: 1203.66 | K38: 906.58 | L38: 868.51 | M38: 961.66 | N38: 1678.72 | O38: 2348.29 | P38: 664.15 | Q38: 692.04 | R38: 886.48 | S38: 884.48 | T38: 867.82 | U38: 1463.49 | V38: 1101.92 | W38: 946.74 | X38: 943.83 | Y38: 1123.69 | Z38: 1313.09 | AA38: 1958.98 | AB38: 636.43 | AC38: 584.29 | AD38: 1144.83 | AE38: 825.25 | AF38: 1123.9 | AG38: 1562.97 | AH38: 998.47 | AI38: 958.1 | AJ38: 1035.46 | AK38: 1398.07 | AL38: 1483.04 | AM38: 1858.57 | AN38: 556.25 | AO38: 588.03 | AP38: 953.77 | AQ38: 821.32 | AR38: 1033.73 | AS38: 1534.22 | AT38: 1066.01 | AU38: 985.88 | AV38: 1052.57 | AW38: 1403.68 | AX38: 1749.57 | AY38: 1854.97 | AZ38: 565.92 | BA38: 619.33 | BB38: 985.57 | BC38: 833.92 | BD38: 1045.96 | BE38: 1593.15 | BF38: 1094.98 | BG38: 984.68 | BH38: 1086.57 | BI38: 1515.38 | BJ38: 1929.95 | BK38: 2055.7 | BL38: 582.68 | BM38: 623 | BN38: 1017.9 | BO38: 935.9 | BP38: 1062.4 | BQ38: 1621.4 | BR38: 1128 | BS38: 1005.4 | BT38: 1106.7 | BU38: 1526 | BV38: 1977.2 | BW38: 2069.7 | BX38: 585.5 | BY38: 622.2 | BZ38: 1003.1 | CA38: 942.3 | CB38: 1053.7 | CC38: 1667.9 | CD38: 1156.9 | CE38: 978.4 | CF38: 1128.3 | CG38: 1542.3 | CH38: 1994 | CI38: 2122.5 | CJ38: 662.64 | CK38: 738.66 | CL38: 1024 | CM38: 988.4 | CN38: 1149.6 | CO38: 1701.13 | CP38: 1220.12 | CQ38: 1043.7 | CR38: 1156.2 | CS38: 1549.3 | CT38: 1999.85 | CU38: 2162.4 | CV38: 460.81 | CW38: 548.93 | CX38: 877.7 | CY38: 751.5 | CZ38: 837.53 | DA38: 1369.79 | DB38: 1263.4 | DC38: 1013.17 | DD38: 960.94 | DE38: 1770.91 | DF38: 1632.05 | DG38: 2646.77 | DH38: 474.63 | DI38: 568.1 | DJ38: 960.72 | DK38: 888.5 | DL38: 871.5 | DM38: 1684.73 | DN38: 1824.3 | DO38: 1010.62 | DP38: 955.71 | DQ38: 1829.9 | DR38: 1650 | DS38: 2633.45 | DT38: 548.6 | DU38: 583.5 | DV38: 997 | DW38: 906.2 | DX38: 901.8 | DY38: 1810.8 | DZ38: 1870.7
A39: КРС | B39: Крестьянские или фермерские хозяйства | C39: СЕВЕРО-КАЗАХСТАНСКАЯ ОБЛАСТЬ | D39: 400.84 | E39: 81.27 | F39: 272.47 | G39: 301.71 | H39: 303.61 | I39: 115.75 | J39: 188.43 | K39: 158.4 | L39: 296.19 | M39: 66.85 | N39: 298.09 | O39: 236.18 | P39: 529.2 | Q39: 108.3 | R39: 348.99 | S39: 394.12 | T39: 418.36 | U39: 174.91 | V39: 249.15 | W39: 212.1 | X39: 397.06 | Y39: 88.9 | Z39: 431.19 | AA39: 318.06 | AB39: 559.04 | AC39: 188.1 | AD39: 408.87 | AE39: 462.04 | AF39: 490.66 | AG39: 217.57 | AH39: 298.65 | AI39: 250.48 | AJ39: 474.52 | AK39: 145.93 | AL39: 516.76 | AM39: 380.55 | AN39: 597.21 | AO39: 194.35 | AP39: 436.6 | AQ39: 490.91 | AR39: 522.13 | AS39: 246.12 | AT39: 318.23 | AU39: 267.96 | AV39: 627.37 | AW39: 145.94 | AX39: 568.67 | AY39: 373.59 | AZ39: 604.46 | BA39: 196.44 | BB39: 447.5 | BC39: 490.81 | BD39: 527.99 | BE39: 307.41 | BF39: 318.23 | BG39: 275.88 | BH39: 646.66 | BI39: 145.94 | BJ39: 568.67 | BK39: 413.82 | BL39: 604.4 | BM39: 196.66 | BN39: 453.9 | BO39: 492.2 | BP39: 527.04 | BQ39: 299.7 | BR39: 327.02 | BS39: 278.9 | BT39: 664.9 | BU39: 153.3 | BV39: 569.18 | BW39: 1205.26 | BX39: 611.3 | BY39: 198.5 | BZ39: 466.9 | CA39: 501.3 | CB39: 536.2 | CC39: 594.1 | CD39: 326.8 | CE39: 279.2 | CF39: 664.9 | CG39: 155.4 | CH39: 568.9 | CI39: 1204.1 | CJ39: 618.9 | CK39: 198.7 | CL39: 466.9 | CM39: 505.9 | CN39: 536.2 | CO39: 598.1 | CP39: 330.8 | CQ39: 279.2 | CR39: 664.9 | CS39: 157.83 | CT39: 570.92 | CU39: 1259.96 | CV39: 580.82 | CW39: 219.44 | CX39: 378.3 | CY39: 321.39 | CZ39: 449.91 | DA39: 523.72 | DB39: 301.22 | DC39: 275.05 | DD39: 614.83 | DE39: 143.07 | DF39: 482.56 | DG39: 1303.39 | DH39: 519.6 | DI39: 172.9 | DJ39: 348.3 | DK39: 316.4 | DL39: 440.9 | DM39: 523.8 | DN39: 279.4 | DO39: 264 | DP39: 600.1 | DQ39: 137.41 | DR39: 482.6 | DS39: 1305.58 | DT39: 487.9 | DU39: 162.2 | DV39: 326.6 | DW39: 296.9 | DX39: 413.9 | DY39: 492 | DZ39: 250.9
A40: КРС | B40: Крестьянские или фермерские хозяйства | C40: ВОСТОЧНО-КАЗАХСТАНСКАЯ ОБЛАСТЬ | D40: 1312.24 | E40: 1921.43 | F40: 2015.33 | G40: 1816.9 | H40: 2005.26 | I40: 3866 | J40: 2082.77 | K40: 2146.81 | L40: 4042.83 | M40: 2146.44 | N40: 3154.45 | O40: 7595.77 | P40: 1475.77 | Q40: 1979.41 | R40: 2316.16 | S40: 2001.36 | T40: 2241.46 | U40: 4003.35 | V40: 2638.76 | W40: 2416.7 | X40: 4964.77 | Y40: 2344.5 | Z40: 3086.33 | AA40: 7589.93 | AB40: 1447.02 | AC40: 2253.03 | AD40: 2607.52 | AE40: 2181.75 | AF40: 2478.73 | AG40: 4950.95 | AH40: 2672.29 | AI40: 2669.55 | AJ40: 5339.32 | AK40: 2571.35 | AL40: 3176.3 | AM40: 8128.39 | AN40: 1673.12 | AO40: 2443.11 | AP40: 2821.53 | AQ40: 2430.63 | AR40: 2515.72 | AS40: 5418.31 | AT40: 3099.95 | AU40: 3020.86 | AV40: 5734.55 | AW40: 2723.79 | AX40: 4218.28 | AY40: 9142.12 | AZ40: 1859.18 | BA40: 2720.62 | BB40: 3112 | BC40: 2529.74 | BD40: 2770.23 | BE40: 6160.59 | BF40: 3323.51 | BG40: 3269.19 | BH40: 5970.31 | BI40: 3353.3 | BJ40: 5595.08 | BK40: 10802.24 | BL40: 2087.22 | BM40: 2899.06 | BN40: 3267.68 | BO40: 2631.68 | BP40: 3159.07 | BQ40: 6731.13 | BR40: 3559.51 | BS40: 3480.13 | BT40: 6392.98 | BU40: 3650.09 | BV40: 6113.77 | BW40: 12618.06 | BX40: 2324.63 | BY40: 3088.8 | BZ40: 3413.07 | CA40: 2859.72 | CB40: 3355.61 | CC40: 7418.23 | CD40: 3780.88 | CE40: 3760.34 | CF40: 6493.76 | CG40: 3914.57 | CH40: 6427.05 | CI40: 12655.54 | CJ40: 2391.38 | CK40: 3225.89 | CL40: 3541.01 | CM40: 3006.21 | CN40: 3505.93 | CO40: 2767.07 | CP40: 704.89 | CQ40: 792.5 | CR40: 1330.1 | CS40: 1184.16 | CT40: 1643.56 | CU40: 4326.4 | CV40: 624.78 | CW40: 889.34 | CX40: 849.12 | CY40: 773.78 | CZ40: 947.62 | DA40: 2675.08 | DB40: 678.36 | DC40: 705.52 | DD40: 1260.87 | DE40: 1029.85 | DF40: 1472 | DG40: 3937.55 | DH40: 695.4 | DI40: 915.86 | DJ40: 906.11 | DK40: 881.62 | DL40: 1031.53 | DM40: 2900.25 | DN40: 757.69 | DO40: 885.09 | DP40: 1463.97 | DQ40: 1245.05 | DR40: 1756.9 | DS40: 4661.59 | DT40: 670.4 | DU40: 949.3 | DV40: 982.1 | DW40: 924 | DX40: 1050 | DY40: 3183.5 | DZ40: 792.5
A41: КРС | B41: Крестьянские или фермерские хозяйства | C41: ГАСТАНА | D41: 1.38 | E41: 1.03 | F41: 1.05 | G41: 1.01 | H41: 1.01 | I41: 2.58 | J41: 1.1 | K41: 0.37 | L41: 1.06 | M41: 1.41 | N41: 0.71 | O41: 1.06 | P41: 1.4 | Q41: 0.7 | R41: 0.71 | S41: 1.06 | T41: 1.06 | U41: 2.13 | V41: 1.06 | W41: 0.35 | X41: 1.77 | Y41: 1.41 | Z41: 0.71 | AA41: 0.71 | AB41: 1.41 | AC41: 0.71 | AD41: 1.03 | AE41: 0.71 | AF41: 1.05 | AG41: 2.13 | AH41: 1.06 | AI41: 0.7 | AJ41: 1.34 | AK41: 1.01 | AL41: 1.34 | AM41: 0.7 | AN41: 1.4 | AO41: 1.05 | AP41: 1.4 | AQ41: 1.05 | AR41: 1.05 | AS41: 2.1 | AT41: 1.06 | AU41: 0.7 | AV41: 1.41 | AW41: 1.06 | AX41: 1.42 | AY41: 0.71 | AZ41: 1.4 | BA41: 1.05 | BB41: 1.4 | BC41: 1.05 | BD41: 1.05 | BE41: 1.4 | BF41: 1.41 | BG41: 1.05 | BH41: 0.7 | BI41: 0.35 | BJ41: 1.06 | BK41: 1.06 | BL41: 0.3 | BM41: 0.3 | BN41: 1.3 | BO41: 0.6 | BP41: 1 | BQ41: 0.6 | BS41: 0.4 | BU41: 0.4 | BV41: 1.1 | BW41: 0.7 | BX41: 0.3 | BZ41: 0.8 | CA41: 0.3 | CB41: 0.3 | CC41: 0.3 | CE41: 0.3 | CH41: 0.4 | CI41: 0.7 | CJ41: - | CK41: - | CL41: - | CM41: - | CN41: - | CO41: - | CP41: - | CQ41: - | CR41: - | CS41: - | CT41: - | CU41: - | CV41: - | CW41: - | CX41: - | CY41: - | CZ41: - | DA41: - | DB41: - | DC41: - | DD41: - | DE41: - | DF41: - | DG41: - | DH41: - | DI41: - | DJ41: - | DK41: - | DL41: - | DM41: - | DN41: - | DO41: - | DP41: - | DQ41: - | DR41: - | DS41: - | DT41: - | DU41: - | DV41: - | DW41: - | DX41: - | DY41: - | DZ41: -
A42: КРС | B42: Крестьянские или фермерские хозяйства | C42: ГАЛМАТЫ | D42: 16.13 | E42: 3.1 | F42: 8.99 | G42: 11.48 | H42: 3.1 | I42: 9.31 | Q42: 1.32 | AR42: - | AS42: - | AT42: - | AU42: - | AV42: - | AW42: - | AX42: - | AY42: - | AZ42: - | BA42: - | BB42: - | BC42: - | BD42: - | BE42: - | BF42: - | BG42: - | BH42: - | BI42: - | BJ42: - | BK42: - | BL42: - | BM42: - | BN42: - | BO42: - | BP42: - | BQ42: - | BR42: - | BS42: - | BT42: - | BU42: - | BV42: - | BW42: - | BX42: - | BY42: - | BZ42: - | CA42: - | CB42: - | CC42: - | CD42: - | CE42: - | CF42: - | CG42: - | CH42: - | CI42: - | CJ42: - | CK42: - | CL42: - | CM42: - | CN42: - | CO42: - | CP42: - | CQ42: - | CR42: - | CS42: - | CT42: - | CU42: - | CV42: - | CW42: - | CX42: - | CY42: - | CZ42: - | DA42: - | DB42: - | DC42: - | DD42: - | DE42: - | DF42: - | DG42: - | DH42: - | DI42: - | DJ42: - | DK42: - | DL42: - | DM42: - | DN42: - | DO42: - | DP42: - | DQ42: - | DR42: - | DS42: - | DT42: - | DU42: - | DV42: - | DW42: - | DX42: - | DY42: - | DZ42: -
A43: КРС | B43: Крестьянские или фермерские хозяйства | C43: ГШЫМКЕНТ | D43: - | E43: - | F43: - | G43: - | H43: - | I43: - | J43: - | K43: - | L43: - | M43: - | N43: - | O43: - | P43: - | Q43: - | R43: - | S43: - | T43: - | U43: - | V43: - | W43: - | X43: - | Y43: - | Z43: - | AA43: - | AB43: - | AC43: - | AD43: - | AE43: - | AF43: - | AG43: - | AH43: - | AI43: - | AJ43: - | AK43: - | AL43: - | AM43: - | AN43: - | AO43: - | AP43: - | AQ43: - | AR43: - | AS43: 81.5 | AT43: 81.5 | AU43: 81.5 | AV43: 47 | AW43: 37 | AX43: 6.7 | AY43: 55.5 | AZ43: 85.9 | BA43: 79 | BB43: 84.6 | BC43: 88.5 | BD43: 88.7 | BE43: 92.3 | BF43: 90.7 | BG43: 89.9 | BH43: 70.2 | BI43: 49.1 | BJ43: 13.5 | BK43: 60.6 | BL43: 93.5 | BM43: 87.8 | BN43: 79.6 | BO43: 87.4 | BP43: 90.4 | BQ43: 92.3 | BR43: 90.7 | BS43: 90.2 | BT43: 70.2 | BU43: 49.1 | BV43: 13.5 | BW43: 70.2 | BX43: 93.7 | BY43: 80.1 | BZ43: 76.9 | CA43: 83.3 | CB43: 69.9 | CC43: 100.7 | CD43: 73.2 | CE43: 63.1 | CF43: 65.2 | CG43: 44.5 | CH43: 6.6 | CI43: 44.4 | CJ43: 93.9 | CK43: 78.2 | CL43: 77.5 | CM43: 82.9 | CN43: 70.4 | CO43: 240.7 | CP43: 73.6 | CQ43: 63.7 | CR43: 67.5 | CS43: 45.9 | CT43: 7 | CU43: 45.8 | CV43: 89 | CW43: 78.2 | CX43: 77.5 | CY43: 82.9 | CZ43: 70.4 | DA43: 240.7 | DB43: 73.6 | DC43: 63.7 | DD43: 67.5 | DE43: 45.9 | DF43: 7 | DG43: 45.8 | DH43: 94.9 | DI43: 78.2 | DJ43: 77.4 | DK43: 82.9 | DL43: 70.4 | DM43: 238.3 | DN43: 73.6 | DO43: 63.7 | DP43: 71.5 | DQ43: 46.9 | DR43: 7 | DS43: 46 | DT43: 94.9 | DU43: 78.2 | DV43: 77.4 | DW43: 81.4 | DX43: 80.3 | DY43: 221.8 | DZ43: 71.4
A44: КРС | B44: Крестьянские или фермерские хозяйства | C44: ТУРКЕСТАНСКАЯ ОБЛАСТЬ | D44: - | E44: - | F44: - | G44: - | H44: - | I44: - | J44: - | K44: - | L44: - | M44: - | N44: - | O44: - | P44: - | Q44: - | R44: - | S44: - | T44: - | U44: - | V44: - | W44: - | X44: - | Y44: - | Z44: - | AA44: - | AB44: - | AC44: - | AD44: - | AE44: - | AF44: - | AG44: - | AH44: - | AI44: - | AJ44: - | AK44: - | AL44: - | AM44: - | AN44: - | AO44: - | AP44: - | AQ44: - | AR44: - | AS44: 467.62 | AT44: 246.2 | AU44: 307.42 | AV44: 441.92 | AW44: 451.89 | AX44: 499.66 | AY44: 594.53 | AZ44: 167 | BA44: 146.5 | BB44: 571.78 | BC44: 290.29 | BD44: 321.55 | BE44: 411.48 | BF44: 256.44 | BG44: 327 | BH44: 464.26 | BI44: 505.2 | BJ44: 540.37 | BK44: 621.89 | BL44: 199.1 | BM44: 189.7 | BN44: 657 | BO44: 358 | BP44: 324.5 | BQ44: 392.3 | BR44: 273.6 | BS44: 340.8 | BT44: 499.9 | BU44: 558.2 | BV44: 577.8 | BW44: 635.6 | BX44: 191.3 | BY44: 189 | BZ44: 642.1 | CA44: 352 | CB44: 320 | CC44: 386.3 | CD44: 274 | CE44: 318.2 | CF44: 499.9 | CG44: 558.5 | CH44: 579 | CI44: 648.4 | CJ44: 196.8 | CK44: 194.9 | CL44: 642.6 | CM44: 354.9 | CN44: 320.1 | CO44: 387.5 | CP44: 275.9 | CQ44: 318.7 | CR44: 518 | CS44: 562.8 | CT44: 596.8 | CU44: 664.1 | CV44: 201 | CW44: 187.99 | CX44: 620.81 | CY44: 317.07 | CZ44: 291.95 | DA44: 332.63 | DB44: 292.91 | DC44: 285.75 | DD44: 589.13 | DE44: 607.37 | DF44: 635.21 | DG44: 745.81 | DH44: 218.9 | DI44: 246.5 | DJ44: 668.5 | DK44: 381.8 | DL44: 330.6 | DM44: 439.7 | DN44: 372.5 | DO44: 344.8 | DP44: 725.7 | DQ44: 741 | DR44: 768 | DS44: 790.7 | DT44: 260.5 | DU44: 285.7 | DV44: 775.5 | DW44: 420 | DX44: 383.4 | DY44: 502.1 | DZ44: 327.8
A45: КРС | B45: Крестьянские или фермерские хозяйства | C45: ОБЛАСТЬ ЖЕТІСУ | D45: - | E45: - | F45: - | G45: - | H45: - | I45: - | J45: - | K45: - | L45: - | M45: - | N45: - | O45: - | P45: - | Q45: - | R45: - | S45: - | T45: - | U45: - | V45: - | W45: - | X45: - | Y45: - | Z45: - | AA45: - | AB45: - | AC45: - | AD45: - | AE45: - | AF45: - | AG45: - | AH45: - | AI45: - | AJ45: - | AK45: - | AL45: - | AM45: - | AN45: - | AO45: - | AP45: - | AQ45: - | AR45: - | AS45: - | AT45: - | AU45: - | AV45: - | AW45: - | AX45: - | AY45: - | AZ45: - | BA45: - | BB45: - | BC45: - | BD45: - | BE45: - | BF45: - | BG45: - | BH45: - | BI45: - | BJ45: - | BK45: - | BL45: - | BM45: - | BN45: - | BO45: - | BP45: - | BQ45: - | BR45: - | BS45: - | BT45: - | BU45: - | BV45: - | BW45: - | BX45: - | BY45: - | BZ45: - | CA45: - | CB45: - | CC45: - | CD45: - | CE45: - | CF45: - | CG45: - | CH45: - | CI45: - | CJ45: - | CK45: - | CL45: - | CM45: - | CN45: - | CO45: 4536.2 | CP45: 451.5 | CQ45: 1399.8 | CR45: 2958.1 | CS45: 2483.6 | CT45: 2932.9 | CU45: 6436 | CV45: 532.53 | CW45: 231.69 | CX45: 4172.73 | CY45: 1223.33 | CZ45: 223.9 | DA45: 3049.33 | DB45: 361.2 | DC45: 993.97 | DD45: 2082.43 | DE45: 1746.4 | DF45: 2054.74 | DG45: 6468.61 | DH45: 555.1 | DI45: 231.7 | DJ45: 4243.2 | DK45: 1249.1 | DL45: 233.9 | DM45: 3125.3 | DN45: 372.2 | DO45: 1019.6 | DP45: 2119.1 | DQ45: 1768.8 | DR45: 2042.4 | DS45: 6647.4 | DT45: 577 | DU45: 252.6 | DV45: 4429.3 | DW45: 1391.7 | DX45: 241.7 | DY45: 3408 | DZ45: 382.5
A46: КРС | B46: Крестьянские или фермерские хозяйства | C46: ОБЛАСТЬ ҰЛЫТАУ | D46: - | E46: - | F46: - | G46: - | H46: - | I46: - | J46: - | K46: - | L46: - | M46: - | N46: - | O46: - | P46: - | Q46: - | R46: - | S46: - | T46: - | U46: - | V46: - | W46: - | X46: - | Y46: - | Z46: - | AA46: - | AB46: - | AC46: - | AD46: - | AE46: - | AF46: - | AG46: - | AH46: - | AI46: - | AJ46: - | AK46: - | AL46: - | AM46: - | AN46: - | AO46: - | AP46: - | AQ46: - | AR46: - | AS46: - | AT46: - | AU46: - | AV46: - | AW46: - | AX46: - | AY46: - | AZ46: - | BA46: - | BB46: - | BC46: - | BD46: - | BE46: - | BF46: - | BG46: - | BH46: - | BI46: - | BJ46: - | BK46: - | BL46: - | BM46: - | BN46: - | BO46: - | BP46: - | BQ46: - | BR46: - | BS46: - | BT46: - | BU46: - | BV46: - | BW46: - | BX46: - | BY46: - | BZ46: - | CA46: - | CB46: - | CC46: - | CD46: - | CE46: - | CF46: - | CG46: - | CH46: - | CI46: - | CJ46: - | CK46: - | CL46: - | CM46: - | CN46: - | CO46: 1545.2 | CP46: 118.7 | CQ46: 410 | CR46: 1300.4 | CS46: 346.6 | CT46: 487.6 | CU46: 1501.8 | CV46: 508.3 | CW46: 100.96 | CX46: 242.67 | CY46: 84.23 | CZ46: 85.96 | DA46: 302.35 | DB46: 31.54 | DC46: 145.37 | DD46: 232.11 | DE46: 105.41 | DF46: 93.02 | DG46: 570.34 | DH46: 543.1 | DI46: 101.1 | DJ46: 34.2 | DK46: 86.1 | DL46: 87.3 | DM46: 308 | DN46: 33.2 | DO46: 148 | DP46: 237.8 | DQ46: 106.3 | DR46: 94.2 | DS46: 581.4 | DT46: 553.3 | DU46: 103.1 | DV46: 34.8 | DW46: 87.7 | DX46: 90.1 | DY46: 312.2 | DZ46: 39.8
A47: КРС | B47: Крестьянские или фермерские хозяйства | C47: ОБЛАСТЬ АБАЙ | D47: - | E47: - | F47: - | G47: - | H47: - | I47: - | J47: - | K47: - | L47: - | M47: - | N47: - | O47: - | P47: - | Q47: - | R47: - | S47: - | T47: - | U47: - | V47: - | W47: - | X47: - | Y47: - | Z47: - | AA47: - | AB47: - | AC47: - | AD47: - | AE47: - | AF47: - | AG47: - | AH47: - | AI47: - | AJ47: - | AK47: - | AL47: - | AM47: - | AN47: - | AO47: - | AP47: - | AQ47: - | AR47: - | AS47: - | AT47: - | AU47: - | AV47: - | AW47: - | AX47: - | AY47: - | AZ47: - | BA47: - | BB47: - | BC47: - | BD47: - | BE47: - | BF47: - | BG47: - | BH47: - | BI47: - | BJ47: - | BK47: - | BL47: - | BM47: - | BN47: - | BO47: - | BP47: - | BQ47: - | BR47: - | BS47: - | BT47: - | BU47: - | BV47: - | BW47: - | BX47: - | BY47: - | BZ47: - | CA47: - | CB47: - | CC47: - | CD47: - | CE47: - | CF47: - | CG47: - | CH47: - | CI47: - | CJ47: - | CK47: - | CL47: - | CM47: - | CN47: - | CO47: 5026.98 | CP47: 3508.69 | CQ47: 3170.3 | CR47: 5811.41 | CS47: 2916.28 | CT47: 5217.73 | CU47: 8060.31 | CV47: 927.69 | CW47: 1062.07 | CX47: 1422.28 | CY47: 1093.9 | CZ47: 1419.07 | DA47: 2789.63 | DB47: 2487.38 | DC47: 1994.51 | DD47: 3840.04 | DE47: 1964.97 | DF47: 3350.34 | DG47: 7582.56 | DH47: 960.44 | DI47: 1527.4 | DJ47: 1429.76 | DK47: 1084.53 | DL47: 1496.45 | DM47: 2970.35 | DN47: 2704.01 | DO47: 2042.2 | DP47: 3948.24 | DQ47: 2042.53 | DR47: 3424.74 | DS47: 7722.15 | DT47: 1066.2 | DU47: 1663.5 | DV47: 1591 | DW47: 1243.8 | DX47: 1574.8 | DY47: 3710.3 | DZ47: 1664.5
A48: КРС | B48: Хозяйства населения | C48: РЕСПУБЛИКА КАЗАХСТАН | D48: 43997.42 | E48: 41271.96 | F48: 45765.33 | G48: 34850.73 | H48: 42898.31 | I48: 60065.37 | J48: 31661.72 | K48: 38854.96 | L48: 59777.51 | M48: 42968.95 | N48: 50999.53 | O48: 92558.33 | P48: 43728.48 | Q48: 41525.22 | R48: 45851.7 | S48: 34416.63 | T48: 44086.94 | U48: 60308.62 | V48: 31697.76 | W48: 37708.74 | X48: 60400.32 | Y48: 43823.38 | Z48: 49864.58 | AA48: 91028.5 | AB48: 42860.55 | AC48: 41356.12 | AD48: 44387.21 | AE48: 34164.46 | AF48: 43527.28 | AG48: 61206.6 | AH48: 31850.64 | AI48: 38029.09 | AJ48: 61867.41 | AK48: 43954.58 | AL48: 50730.11 | AM48: 89425.1 | AN48: 43290.29 | AO48: 41462.37 | AP48: 45502.05 | AQ48: 34867.03 | AR48: 44194.12 | AS48: 62702.87 | AT48: 32281.19 | AU48: 38710.45 | AV48: 64083.44 | AW48: 45249.25 | AX48: 52203.39 | AY48: 92759.53 | AZ48: 43808.82 | BA48: 42318.05 | BB48: 46574.76 | BC48: 36040.9 | BD48: 45549.05 | BE48: 65730.58 | BF48: 32544.9 | BG48: 40139.54 | BH48: 66034.91 | BI48: 46520.45 | BJ48: 53243.75 | BK48: 95782.59 | BL48: 44620.9 | BM48: 43350.5 | BN48: 47409.6 | BO48: 36966.4 | BP48: 46379.8 | BQ48: 66560.9 | BR48: 33165 | BS48: 41184 | BT48: 67720.8 | BU48: 48471 | BV48: 55319.5 | BW48: 99462.7 | BX48: 45390 | BY48: 44205 | BZ48: 48550.7 | CA48: 37809.8 | CB48: 47549.6 | CC48: 68102.9 | CD48: 34044 | CE48: 42210.5 | CF48: 69469.5 | CG48: 49170.6 | CH48: 56721.4 | CI48: 98688.4 | CJ48: 45475 | CK48: 43869.3 | CL48: 48848.8 | CM48: 37636.3 | CN48: 47488.3 | CO48: 68587.7 | CP48: 34758 | CQ48: 42355.8 | CR48: 68970 | CS48: 49916.2 | CT48: 57131.7 | CU48: 100245.6 | CV48: 30788.9 | CW48: 29878.27 | CX48: 33109.44 | CY48: 25993.35 | CZ48: 33066.2 | DA48: 47425.13 | DB48: 22612.49 | DC48: 29862.3 | DD48: 47060.72 | DE48: 35350.19 | DF48: 39653.92 | DG48: 75665.18 | DH48: 30077.3 | DI48: 29573.3 | DJ48: 32711.6 | DK48: 25615.8 | DL48: 32695.5 | DM48: 48320 | DN48: 22795.9 | DO48: 29969.9 | DP48: 48114.3 | DQ48: 36211 | DR48: 40203.9 | DS48: 84110.2 | DT48: 31851.5 | DU48: 31430.9 | DV48: 34507.4 | DW48: 27042.8 | DX48: 34375 | DY48: 50925 | DZ48: 23858.8
A49: КРС | B49: Хозяйства населения | C49: АКМОЛИНСКАЯ ОБЛАСТЬ | D49: 3774.28 | E49: 2978.82 | F49: 3213.44 | G49: 3029.94 | H49: 3056.77 | I49: 3181.92 | J49: 1204.76 | K49: 1062.07 | L49: 1593.14 | M49: 1140.11 | N49: 2359.39 | O49: 3034.55 | P49: 3638.02 | Q49: 2773.59 | R49: 3191.97 | S49: 2978.39 | T49: 3025.44 | U49: 3138.97 | V49: 1001.59 | W49: 1061.52 | X49: 1767 | Y49: 1146.06 | Z49: 2278.28 | AA49: 2573.28 | AB49: 3599.85 | AC49: 2818.83 | AD49: 3187.49 | AE49: 2971.98 | AF49: 3019.16 | AG49: 3124.28 | AH49: 999.55 | AI49: 1048.38 | AJ49: 1772.75 | AK49: 1164.28 | AL49: 2140.79 | AM49: 2632.82 | AN49: 3622.02 | AO49: 2849.86 | AP49: 2937.93 | AQ49: 2964.94 | AR49: 2973.4 | AS49: 3072.35 | AT49: 1013.23 | AU49: 1071.08 | AV49: 1811.24 | AW49: 1181.77 | AX49: 2156.8 | AY49: 2687.45 | AZ49: 3554.7 | BA49: 2792.7 | BB49: 2939.79 | BC49: 2960.84 | BD49: 2883.48 | BE49: 3107.06 | BF49: 1031.78 | BG49: 1098.35 | BH49: 1901.69 | BI49: 1191.82 | BJ49: 2164.4 | BK49: 2720.05 | BL49: 3649.8 | BM49: 2770.4 | BN49: 2998.1 | BO49: 2958.7 | BP49: 2871.7 | BQ49: 3097.3 | BR49: 1042.2 | BS49: 1103.3 | BT49: 1807.2 | BU49: 1186.4 | BV49: 2174.4 | BW49: 2747.9 | BX49: 3651.5 | BY49: 2788.4 | BZ49: 3012.4 | CA49: 2967 | CB49: 2880.5 | CC49: 3109.7 | CD49: 1050.8 | CE49: 1136 | CF49: 1813.7 | CG49: 1181.4 | CH49: 2188.4 | CI49: 2647.4 | CJ49: 3666.4 | CK49: 2804.4 | CL49: 3045.6 | CM49: 2995 | CN49: 2899.4 | CO49: 3117.5 | CP49: 1059.8 | CQ49: 1145.3 | CR49: 1817.5 | CS49: 1166.4 | CT49: 2178 | CU49: 2657.4 | CV49: 2659.53 | CW49: 2093.77 | CX49: 2217.76 | CY49: 2240.31 | CZ49: 2190.12 | DA49: 2272.11 | DB49: 832.51 | DC49: 812.82 | DD49: 1350.86 | DE49: 1094.09 | DF49: 1967.56 | DG49: 1997.31 | DH49: 2753 | DI49: 2073.6 | DJ49: 2459.1 | DK49: 2329.1 | DL49: 2218.5 | DM49: 2369.9 | DN49: 901.9 | DO49: 817.5 | DP49: 1362.6 | DQ49: 1204.4 | DR49: 1971.4 | DS49: 2096.6 | DT49: 2796.7 | DU49: 2046.3 | DV49: 2502.7 | DW49: 2373.6 | DX49: 2207.4 | DY49: 2495.9 | DZ49: 964.4
A50: КРС | B50: Хозяйства населения | C50: АКТЮБИНСКАЯ ОБЛАСТЬ | D50: 4709.31 | E50: 4477.88 | F50: 5468.37 | G50: 4137.36 | H50: 4667.12 | I50: 5829.45 | J50: 2107.76 | K50: 3112.99 | L50: 3407.33 | M50: 1603.28 | N50: 2376.96 | O50: 12781.74 | P50: 4721.68 | Q50: 4501.36 | R50: 5403.04 | S50: 4301.47 | T50: 4643 | U50: 5961.58 | V50: 2235.35 | W50: 3099.51 | X50: 3470.13 | Y50: 1859.19 | Z50: 1953.17 | AA50: 10136.49 | AB50: 4409.25 | AC50: 4471.6 | AD50: 5199.98 | AE50: 4226.69 | AF50: 4609.18 | AG50: 6254.05 | AH50: 2422.13 | AI50: 3129.37 | AJ50: 3520.71 | AK50: 1773.4 | AL50: 2231.39 | AM50: 10476.72 | AN50: 4459.83 | AO50: 4519.2 | AP50: 5388.35 | AQ50: 4351.43 | AR50: 4692.53 | AS50: 6397.08 | AT50: 2514.82 | AU50: 3249.34 | AV50: 3619.28 | AW50: 1959.23 | AX50: 2362.86 | AY50: 10770.26 | AZ50: 4538.77 | BA50: 4576.9 | BB50: 5493.69 | BC50: 4442.28 | BD50: 4869.11 | BE50: 6596.11 | BF50: 2593.3 | BG50: 3549.71 | BH50: 3857.82 | BI50: 2069.87 | BJ50: 2467.08 | BK50: 11226.55 | BL50: 4686.4 | BM50: 4749.9 | BN50: 5642.4 | BO50: 4582.3 | BP50: 4981.3 | BQ50: 6782.9 | BR50: 2609.2 | BS50: 3572.5 | BT50: 3957.7 | BU50: 2048.6 | BV50: 2405.9 | BW50: 11309.4 | BX50: 4773.5 | BY50: 4830.5 | BZ50: 5759.8 | CA50: 4694.3 | CB50: 5156.3 | CC50: 6962.7 | CD50: 2684.5 | CE50: 3679.6 | CF50: 4099.2 | CG50: 2086.7 | CH50: 2442.9 | CI50: 11658.6 | CJ50: 4840.6 | CK50: 4908.8 | CL50: 5931.3 | CM50: 4738 | CN50: 5222.2 | CO50: 7093.5 | CP50: 2746.5 | CQ50: 3759.3 | CR50: 4181.4 | CS50: 2129.1 | CT50: 2530 | CU50: 12102.1 | CV50: 3070.3 | CW50: 3000.44 | CX50: 3673.03 | CY50: 3001.8 | CZ50: 3478.23 | DA50: 4479.26 | DB50: 1631.46 | DC50: 2413.26 | DD50: 2381.38 | DE50: 1309.67 | DF50: 1575.7 | DG50: 7664.02 | DH50: 3061.4 | DI50: 3034.1 | DJ50: 3695.8 | DK50: 2946.7 | DL50: 3545 | DM50: 4554.6 | DN50: 1660.4 | DO50: 2429.4 | DP50: 2409.1 | DQ50: 1313.7 | DR50: 1616.2 | DS50: 7664.9 | DT50: 3122.9 | DU50: 3100.8 | DV50: 3769.8 | DW50: 3000.1 | DX50: 3611.3 | DY50: 4651.9 | DZ50: 1736.8
A51: КРС | B51: Хозяйства населения | C51: АЛМАТИНСКАЯ ОБЛАСТЬ | D51: 4903.1 | E51: 3580 | F51: 9340.5 | G51: 2813.2 | H51: 6254.2 | I51: 16124.1 | J51: 2746.8 | K51: 3506.5 | L51: 12579.2 | M51: 12227.1 | N51: 10030.6 | O51: 15313.2 | P51: 5002.3 | Q51: 3638.1 | R51: 9317.3 | S51: 2813 | T51: 7153.6 | U51: 16067.9 | V51: 2733.8 | W51: 3507.5 | X51: 12895.7 | Y51: 12226.5 | Z51: 10158.8 | AA51: 17197.3 | AB51: 5002.4 | AC51: 3638.1 | AD51: 8194.1 | AE51: 2732.2 | AF51: 6778.6 | AG51: 15941.7 | AH51: 2563.9 | AI51: 3419.3 | AJ51: 13576.6 | AK51: 12156.4 | AL51: 10158.1 | AM51: 13663.8 | AN51: 5009.2 | AO51: 3640.1 | AP51: 8457.4 | AQ51: 2732.2 | AR51: 6778.45 | AS51: 15882.61 | AT51: 2725.3 | AU51: 3587.01 | AV51: 14440.06 | AW51: 12590.62 | AX51: 10739.71 | AY51: 15015.19 | AZ51: 4969.55 | BA51: 3687.03 | BB51: 8817.99 | BC51: 2884.87 | BD51: 7075.74 | BE51: 17190.65 | BF51: 2655.37 | BG51: 3915.07 | BH51: 15187.18 | BI51: 12969.94 | BJ51: 10062.23 | BK51: 14569.75 | BL51: 5221.1 | BM51: 3884.6 | BN51: 8873.2 | BO51: 2906.8 | BP51: 7356.1 | BQ51: 17801.9 | BR51: 2497.5 | BS51: 4110.3 | BT51: 15971 | BU51: 13794.9 | BV51: 10625.4 | BW51: 15522.8 | BX51: 5360.1 | BY51: 3967.2 | BZ51: 9130.3 | CA51: 3003.7 | CB51: 7866.6 | CC51: 18065.8 | CD51: 2570.3 | CE51: 4184.6 | CF51: 16723.6 | CG51: 13627.4 | CH51: 10791 | CI51: 15015.1 | CJ51: 5514.6 | CK51: 4073.6 | CL51: 9149.3 | CM51: 2976.5 | CN51: 8063.9 | CO51: 12082.6 | CP51: 2220.6 | CQ51: 2849.8 | CR51: 9812.5 | CS51: 7897.8 | CT51: 3087.2 | CU51: 8153.8 | CV51: 2373.19 | CW51: 1772.35 | CX51: 3535.84 | CY51: 1648.94 | CZ51: 3990.1 | DA51: 9182.47 | DB51: 1512.14 | DC51: 2295.72 | DD51: 7440.56 | DE51: 6188.05 | DF51: 2285.64 | DG51: 5948.87 | DH51: 2086.6 | DI51: 2202 | DJ51: 3554.1 | DK51: 1647.6 | DL51: 3940.6 | DM51: 9117.5 | DN51: 1505.4 | DO51: 2257 | DP51: 7766.7 | DQ51: 6244.3 | DR51: 2361.3 | DS51: 7414.8 | DT51: 2133.9 | DU51: 2209.8 | DV51: 3710.6 | DW51: 1656 | DX51: 3989.2 | DY51: 9326.6 | DZ51: 2024.2
A52: КРС | B52: Хозяйства населения | C52: АТЫРАУСКАЯ ОБЛАСТЬ | D52: 1593.43 | E52: 1609.33 | F52: 1744.52 | G52: 1080.75 | H52: 1868.03 | I52: 1675.97 | J52: 800.38 | K52: 1392.4 | L52: 2340.4 | M52: 1683.03 | N52: 3349.76 | O52: 2449.49 | P52: 1519.5 | Q52: 1551.75 | R52: 1747.93 | S52: 1042.2 | T52: 1862.22 | U52: 1574.68 | V52: 765.75 | W52: 1401.91 | X52: 2232.02 | Y52: 1678.86 | Z52: 3128.88 | AA52: 2572.77 | AB52: 1425.14 | AC52: 1578.37 | AD52: 1692.58 | AE52: 1013.66 | AF52: 1766.26 | AG52: 1635.5 | AH52: 735.04 | AI52: 1373.55 | AJ52: 2110.61 | AK52: 1671.85 | AL52: 3164.84 | AM52: 3026.8 | AN52: 1382.6 | AO52: 1606.6 | AP52: 1684.05 | AQ52: 998.75 | AR52: 1828.56 | AS52: 1374.35 | AT52: 749.56 | AU52: 1421.66 | AV52: 2231.63 | AW52: 1894.6 | AX52: 3092.65 | AY52: 2574.85 | AZ52: 1350.42 | BA52: 1660.62 | BB52: 1729.34 | BC52: 1055.42 | BD52: 1732.23 | BE52: 1439.33 | BF52: 656.84 | BG52: 1523.87 | BH52: 2205.42 | BI52: 1835.26 | BJ52: 3185.96 | BK52: 2885.22 | BL52: 1356.5 | BM52: 1671 | BN52: 1725.5 | BO52: 1052.3 | BP52: 1758.9 | BQ52: 1465.5 | BR52: 695.7 | BS52: 1633.4 | BT52: 1906 | BU52: 1843 | BV52: 3223 | BW52: 3031.8 | BX52: 1373.9 | BY52: 1744.2 | BZ52: 1823.4 | CA52: 1075.8 | CB52: 1795.2 | CC52: 1526.9 | CD52: 714.9 | CE52: 1715.4 | CF52: 2035.3 | CG52: 1757.8 | CH52: 3179.5 | CI52: 3066.2 | CJ52: 1427.1 | CK52: 1796 | CL52: 1827.4 | CM52: 1078.2 | CN52: 1833.4 | CO52: 1517.5 | CP52: 726.6 | CQ52: 1654.3 | CR52: 2045.5 | CS52: 1764.3 | CT52: 3339.7 | CU52: 3122.7 | CV52: 1000.85 | CW52: 1245.7 | CX52: 1121.57 | CY52: 694.38 | CZ52: 1168.24 | DA52: 927.63 | DB52: 464.73 | DC52: 1120.76 | DD52: 1512.55 | DE52: 1166.95 | DF52: 2244.07 | DG52: 1993.65 | DH52: 982.3 | DI52: 1359.8 | DJ52: 1097 | DK52: 754.7 | DL52: 1184.9 | DM52: 973.5 | DN52: 553.3 | DO52: 1245.7 | DP52: 1773.7 | DQ52: 1289.9 | DR52: 2466 | DS52: 2507.7 | DT52: 1068 | DU52: 1520.8 | DV52: 1245.7 | DW52: 896.5 | DX52: 1293.9 | DY52: 960.3 | DZ52: 592.1
A53: КРС | B53: Хозяйства населения | C53: ЗАПАДНО-КАЗАХСТАНСКАЯ ОБЛАСТЬ | D53: 1585.33 | E53: 2171.18 | F53: 2343.9 | G53: 1650.57 | H53: 2011.5 | I53: 3775.73 | J53: 1897.23 | K53: 1916.94 | L53: 2255.96 | M53: 1575.44 | N53: 2160.75 | O53: 4699.41 | P53: 1515.56 | Q53: 2111.04 | R53: 2447.14 | S53: 1557.74 | T53: 1925.35 | U53: 3860.26 | V53: 1733.62 | W53: 1823.14 | X53: 2426.48 | Y53: 1586.23 | Z53: 1928.12 | AA53: 4467.12 | AB53: 1505.68 | AC53: 2084.41 | AD53: 2451.37 | AE53: 1495.31 | AF53: 1909.6 | AG53: 4047.61 | AH53: 1542.19 | AI53: 1724.32 | AJ53: 2398.15 | AK53: 1745.86 | AL53: 2017.7 | AM53: 4819.19 | AN53: 1485.63 | AO53: 2102.9 | AP53: 2503.86 | AQ53: 1495.71 | AR53: 1898 | AS53: 4072.2 | AT53: 1583.69 | AU53: 1745.92 | AV53: 2498.25 | AW53: 1723.07 | AX53: 2064.1 | AY53: 4124.76 | AZ53: 1498.14 | BA53: 2118.82 | BB53: 2553.2 | BC53: 1518.5 | BD53: 1995.9 | BE53: 4141.1 | BF53: 1629.55 | BG53: 1857.44 | BH53: 2608.4 | BI53: 1728.2 | BJ53: 2107.92 | BK53: 4412.2 | BL53: 1528.7 | BM53: 2172.8 | BN53: 2614.4 | BO53: 1783.4 | BP53: 2029 | BQ53: 4295.9 | BR53: 1653.4 | BS53: 1868.3 | BT53: 2622 | BU53: 1711.7 | BV53: 2170.3 | BW53: 4301.9 | BX53: 1567.3 | BY53: 2172.8 | BZ53: 2651.4 | CA53: 1745.7 | CB53: 1992.9 | CC53: 4289.3 | CD53: 1654.8 | CE53: 1875.2 | CF53: 2633.9 | CG53: 1723.2 | CH53: 2191.4 | CI53: 4300.7 | CJ53: 1581.8 | CK53: 2182.4 | CL53: 2664.2 | CM53: 1758.7 | CN53: 2008.5 | CO53: 4323 | CP53: 1636 | CQ53: 1894.2 | CR53: 2566.2 | CS53: 1714.1 | CT53: 2160.5 | CU53: 4121.5 | CV53: 1377.88 | CW53: 1945.42 | CX53: 2360.08 | CY53: 1573.48 | CZ53: 1780.06 | DA53: 3806.24 | DB53: 1430.98 | DC53: 1704.84 | DD53: 2354.5 | DE53: 1407.18 | DF53: 1818.67 | DG53: 3690.08 | DH53: 1395.1 | DI53: 1981.3 | DJ53: 2399.4 | DK53: 1530.2 | DL53: 1791.1 | DM53: 3813.9 | DN53: 1455.5 | DO53: 1735.6 | DP53: 2380.1 | DQ53: 1433.4 | DR53: 1895.3 | DS53: 3924.6 | DT53: 1443.2 | DU53: 2068.5 | DV53: 2495.5 | DW53: 1600.7 | DX53: 1864.6 | DY53: 3955.2 | DZ53: 1514.8
A54: КРС | B54: Хозяйства населения | C54: ЖАМБЫЛСКАЯ ОБЛАСТЬ | D54: 2091.25 | E54: 2262.1 | F54: 1859.7 | G54: 2448.13 | H54: 2208.03 | I54: 3262.85 | J54: 2006.73 | K54: 3745.07 | L54: 2877.76 | M54: 2402.12 | N54: 3616 | O54: 6339.3 | P54: 2074.75 | Q54: 2287.51 | R54: 1889.41 | S54: 2153.73 | T54: 2084.23 | U54: 3227.4 | V54: 1986.42 | W54: 3719.47 | X54: 3095.82 | Y54: 2736.27 | Z54: 3609.97 | AA54: 6450.5 | AB54: 1966.45 | AC54: 2283.79 | AD54: 1932.4 | AE54: 2244.4 | AF54: 2084.61 | AG54: 3240.2 | AH54: 1778.2 | AI54: 3709.06 | AJ54: 3072.54 | AK54: 2275.07 | AL54: 3823.18 | AM54: 6477.85 | AN54: 1931.71 | AO54: 2355.6 | AP54: 1819.55 | AQ54: 2270.18 | AR54: 2066.63 | AS54: 3249.45 | AT54: 1845.02 | AU54: 3480.25 | AV54: 3126 | AW54: 2369.93 | AX54: 4126.92 | AY54: 6682.76 | AZ54: 1967.97 | BA54: 2406.83 | BB54: 1881.28 | BC54: 2345.05 | BD54: 2112.22 | BE54: 3326.35 | BF54: 1892.11 | BG54: 3570.63 | BH54: 3192.93 | BI54: 2420.51 | BJ54: 4213.84 | BK54: 6823.22 | BL54: 2005.7 | BM54: 2474.6 | BN54: 1925.5 | BO54: 2398.8 | BP54: 2169.2 | BQ54: 3403 | BR54: 1936.7 | BS54: 3656.1 | BT54: 3370.6 | BU54: 2479 | BV54: 4370.1 | BW54: 7012.5 | BX54: 2083.3 | BY54: 2526.7 | BZ54: 1981.2 | CA54: 2471 | CB54: 2234.9 | CC54: 3524.1 | CD54: 1997.6 | CE54: 3896.8 | CF54: 3446.6 | CG54: 2527.1 | CH54: 4517.6 | CI54: 7215.3 | CJ54: 2130.2 | CK54: 2581.6 | CL54: 2059.9 | CM54: 2538.9 | CN54: 2297.3 | CO54: 3621.2 | CP54: 2058.7 | CQ54: 4005.8 | CR54: 3593.4 | CS54: 2603.8 | CT54: 4640 | CU54: 7444.5 | CV54: 1729.9 | CW54: 2168.37 | CX54: 1705.65 | CY54: 2189.11 | CZ54: 1896.74 | DA54: 2919.95 | DB54: 1814.32 | DC54: 3408.75 | DD54: 2886.99 | DE54: 2187.14 | DF54: 3640.79 | DG54: 10370.52 | DH54: 1736 | DI54: 2184.7 | DJ54: 1725.9 | DK54: 2208.7 | DL54: 1917.5 | DM54: 2946.8 | DN54: 1834.6 | DO54: 3439.9 | DP54: 2926.8 | DQ54: 2212.7 | DR54: 3720.6 | DS54: 10471.3 | DT54: 1788.8 | DU54: 2092.5 | DV54: 1685.5 | DW54: 2178.8 | DX54: 1892.2 | DY54: 2930.3 | DZ54: 1815.9
A55: КРС | B55: Хозяйства населения | C55: КАРАГАНДИНСКАЯ ОБЛАСТЬ | D55: 3351.87 | E55: 1776.52 | F55: 2479.71 | G55: 1622.29 | H55: 2644.98 | I55: 6149.93 | J55: 1676.87 | K55: 3458.93 | L55: 5043.08 | M55: 2393.55 | N55: 3575.83 | O55: 7683.67 | P55: 3270.67 | Q55: 1871.18 | R55: 2401.24 | S55: 1661.3 | T55: 2781.22 | U55: 6068.24 | V55: 1628.67 | W55: 3232.95 | X55: 5305.28 | Y55: 2330.63 | Z55: 3603.23 | AA55: 8093.44 | AB55: 3181.82 | AC55: 1819.12 | AD55: 2390.7 | AE55: 1675.39 | AF55: 2792.31 | AG55: 6113.11 | AH55: 1698.56 | AI55: 3125.37 | AJ55: 5649.08 | AK55: 2269.17 | AL55: 3612.07 | AM55: 8384.02 | AN55: 3230.43 | AO55: 1844.51 | AP55: 2410.08 | AQ55: 1679.97 | AR55: 2833.09 | AS55: 6210.17 | AT55: 1759.7 | AU55: 3228.6 | AV55: 5759.73 | AW55: 2358.07 | AX55: 3717.73 | AY55: 8511.25 | AZ55: 3267.17 | BA55: 1872.76 | BB55: 2459.39 | BC55: 1701.84 | BD55: 2919.83 | BE55: 6354.2 | BF55: 1780.76 | BG55: 3274.58 | BH55: 5955.45 | BI55: 2435.94 | BJ55: 3854.34 | BK55: 8747.54 | BL55: 3256.9 | BM55: 1870.1 | BN55: 2464.6 | BO55: 1728.7 | BP55: 2953.9 | BQ55: 6396.9 | BR55: 1803.5 | BS55: 3325.9 | BT55: 6045.8 | BU55: 2481.7 | BV55: 3924.6 | BW55: 8852.8 | BX55: 3286.4 | BY55: 1897.8 | BZ55: 2501 | CA55: 1757 | CB55: 3016.2 | CC55: 6503.4 | CD55: 1844 | CE55: 3371.7 | CF55: 6189.5 | CG55: 2559.8 | CH55: 4021.3 | CI55: 9028.6 | CJ55: 3313.9 | CK55: 1910.7 | CL55: 2528.3 | CM55: 1782.8 | CN55: 3042 | CO55: 5429.9 | CP55: 1703 | CQ55: 2649.9 | CR55: 5192.1 | CS55: 1958.3 | CT55: 3469.6 | CU55: 7381.7 | CV55: 1552.77 | CW55: 926.85 | CX55: 1213.27 | CY55: 1061.88 | CZ55: 1591 | DA55: 3376.38 | DB55: 1112.28 | DC55: 1847.67 | DD55: 3313.37 | DE55: 1406.09 | DF55: 2479.14 | DG55: 4880.62 | DH55: 1525.3 | DI55: 916.9 | DJ55: 1209.2 | DK55: 1057.8 | DL55: 1600.9 | DM55: 3370.6 | DN55: 1160.4 | DO55: 1877.2 | DP55: 3392.5 | DQ55: 1443.8 | DR55: 2509.2 | DS55: 4991.7 | DT55: 1558.6 | DU55: 945 | DV55: 1251.8 | DW55: 1099.4 | DX55: 1663 | DY55: 3499.7 | DZ55: 1090.9
A56: КРС | B56: Хозяйства населения | C56: КОСТАНАЙСКАЯ ОБЛАСТЬ | D56: 2936.46 | E56: 4750.22 | F56: 3175.99 | G56: 2922.4 | H56: 4938.1 | I56: 3708.7 | J56: 506.66 | K56: 2596.5 | L56: 3865.48 | M56: 826.34 | N56: 500.38 | O56: 1441.06 | P56: 2962.97 | Q56: 4776.41 | R56: 3217.45 | S56: 2952.97 | T56: 4984.41 | U56: 3762.07 | V56: 484.9 | W56: 2474.89 | X56: 3707.34 | Y56: 795.14 | Z56: 477.04 | AA56: 1422.42 | AB56: 2821.75 | AC56: 4566.19 | AD56: 3107.04 | AE56: 2821.91 | AF56: 4771.88 | AG56: 3605.81 | AH56: 503.45 | AI56: 2565.61 | AJ56: 3846.2 | AK56: 824.25 | AL56: 494.75 | AM56: 1467.7 | AN56: 2917.36 | AO56: 4714.99 | AP56: 3219.29 | AQ56: 2922.21 | AR56: 4945.42 | AS56: 3729.84 | AT56: 510.93 | AU56: 2604.07 | AV56: 3903.73 | AW56: 836.89 | AX56: 502.12 | AY56: 1489.31 | AZ56: 2975.49 | BA56: 4802.32 | BB56: 3278.78 | BC56: 2974.94 | BD56: 5031.85 | BE56: 3794.92 | BF56: 520.87 | BG56: 2656.34 | BH56: 3981.87 | BI56: 854.01 | BJ56: 512.14 | BK56: 1516.9 | BL56: 3066.2 | BM56: 4944.2 | BN56: 3373.3 | BO56: 3061.1 | BP56: 5172.3 | BQ56: 3899.9 | BR56: 536.6 | BS56: 2736.6 | BT56: 4100.8 | BU56: 879.4 | BV56: 527.6 | BW56: 1561.8 | BX56: 3062.6 | BY56: 4937.2 | BZ56: 3365.5 | CA56: 3053 | CB56: 5157.5 | CC56: 3889.9 | CD56: 538.3 | CE56: 2743.5 | CF56: 4112.3 | CG56: 882.4 | CH56: 529.4 | CI56: 1565.2 | CJ56: 2602.5 | CK56: 4195.7 | CL56: 2858.2 | CM56: 2591.7 | CN56: 4374.2 | CO56: 3296.2 | CP56: 480.1 | CQ56: 2445.8 | CR56: 3668.6 | CS56: 787.1 | CT56: 472 | CU56: 1302.4 | CV56: 1590.35 | CW56: 2693.62 | CX56: 1792.75 | CY56: 1608.46 | CZ56: 2705.1 | DA56: 1957.1 | DB56: 275.09 | DC56: 1510.59 | DD56: 2291.34 | DE56: 478.95 | DF56: 282.39 | DG56: 782.48 | DH56: 1631.5 | DI56: 2760.2 | DJ56: 1838.3 | DK56: 1648.4 | DL56: 2773.4 | DM56: 2006.5 | DN56: 264.1 | DO56: 1449.6 | DP56: 2198.8 | DQ56: 459.7 | DR56: 271.1 | DS56: 751.4 | DT56: 1837.8 | DU56: 3027.9 | DV56: 2017.2 | DW56: 1809.1 | DX56: 3043.5 | DY56: 2201.3 | DZ56: 259.8
A57: КРС | B57: Хозяйства населения | C57: КЫЗЫЛОРДИНСКАЯ ОБЛАСТЬ | D57: 1336.64 | E57: 1060.78 | F57: 1049.18 | G57: 1149.25 | H57: 1083.56 | I57: 1171.44 | J57: 1403.21 | K57: 1382.96 | L57: 1600.33 | M57: 1741.51 | N57: 1529.58 | O57: 1516.03 | P57: 1336.9 | Q57: 1066.58 | R57: 1055.06 | S57: 1164.3 | T57: 1067.58 | U57: 1176.5 | V57: 1430.41 | W57: 1340.76 | X57: 1570.22 | Y57: 1798.26 | Z57: 1584.34 | AA57: 1739.19 | AB57: 1286.13 | AC57: 1020.94 | AD57: 1052.49 | AE57: 1196.12 | AF57: 1121.51 | AG57: 1284.26 | AH57: 1405.91 | AI57: 1426.15 | AJ57: 1566.37 | AK57: 1785.87 | AL57: 1583.79 | AM57: 1753.31 | AN57: 1316.23 | AO57: 1030.04 | AP57: 1065.67 | AQ57: 1215.52 | AR57: 1144.61 | AS57: 1316.07 | AT57: 1455.1 | AU57: 1495.31 | AV57: 1632.17 | AW57: 1842.24 | AX57: 1649.08 | AY57: 1801.77 | AZ57: 1349.12 | BA57: 1052.85 | BB57: 1085.95 | BC57: 1257.3 | BD57: 1175.71 | BE57: 1355.07 | BF57: 1496.52 | BG57: 1542.44 | BH57: 1667.06 | BI57: 1884.88 | BJ57: 1679.95 | BK57: 1839.84 | BL57: 1373.6 | BM57: 1069.3 | BN57: 1100.8 | BO57: 1273.9 | BP57: 1191.8 | BQ57: 1408.3 | BR57: 1491.4 | BS57: 1570 | BT57: 1678.4 | BU57: 1885.6 | BV57: 1722.8 | BW57: 1906.4 | BX57: 1385.6 | BY57: 1084.8 | BZ57: 1131.4 | CA57: 1315 | CB57: 1208.3 | CC57: 1454.9 | CD57: 1429.1 | CE57: 1605.8 | CF57: 1719.2 | CG57: 1929.6 | CH57: 1729.8 | CI57: 1944 | CJ57: 1406.6 | CK57: 1039.3 | CL57: 1172.8 | CM57: 1335 | CN57: 1220.7 | CO57: 1478.8 | CP57: 1452.2 | CQ57: 1631.5 | CR57: 1728.2 | CS57: 1970.2 | CT57: 1762.2 | CU57: 2059.2 | CV57: 1103.47 | CW57: 810.15 | CX57: 911.44 | CY57: 1040.99 | CZ57: 995.65 | DA57: 1147.19 | DB57: 1125.8 | DC57: 1295.91 | DD57: 1325.39 | DE57: 1508.52 | DF57: 1351.58 | DG57: 2900.04 | DH57: 1134.4 | DI57: 802.7 | DJ57: 914.2 | DK57: 1050.5 | DL57: 995.7 | DM57: 1152.1 | DN57: 1090.5 | DO57: 1406.7 | DP57: 1445.5 | DQ57: 1663.3 | DR57: 1502.9 | DS57: 1664.9 | DT57: 1172.8 | DU57: 830.6 | DV57: 941.4 | DW57: 1074.5 | DX57: 1182.9 | DY57: 1247.1 | DZ57: 1260.5
A58: КРС | B58: Хозяйства населения | C58: МАНГИСТАУСКАЯ ОБЛАСТЬ | D58: 18.39 | E58: 164.47 | F58: 497.46 | G58: 422.15 | H58: 235.75 | I58: 76.14 | J58: 27.35 | K58: 40.88 | L58: 22.55 | M58: 176.53 | N58: 290.46 | O58: 157.92 | P58: 18.32 | Q58: 48.21 | R58: 14.66 | S58: 27.06 | T58: 27.92 | U58: 31.3 | V58: 28.77 | W58: 28.77 | X58: 43.43 | Y58: 33.56 | Z58: 40.89 | AA58: 245.91 | AB58: 20.03 | AC58: 51.03 | AD58: 17.18 | AE58: 29.32 | AF58: 29.32 | AG58: 36.38 | AH58: 29.61 | AI58: 29.89 | AJ58: 45.69 | AK58: 34.97 | AL58: 42.3 | AM58: 258.03 | AN58: 91.09 | AO58: 96.15 | AP58: 29.9 | AQ58: 72.74 | AR58: 27.07 | AS58: 63.17 | AT58: 57.81 | AU58: 49.35 | AV58: 89.68 | AW58: 111.11 | AX58: 84.6 | AY58: 288.77 | AZ58: 97.57 | BA58: 104.92 | BB58: 54.42 | BC58: 230.68 | BD58: 36.67 | BE58: 154.54 | BF58: 65.98 | BG58: 55.84 | BH58: 116.47 | BI58: 130.85 | BJ58: 180.21 | BK58: 317.25 | BL58: 103.5 | BM58: 113.9 | BN58: 55.6 | BO58: 236.6 | BP58: 42.6 | BQ58: 164.7 | BR58: 74.4 | BS58: 68.8 | BT58: 172 | BU58: 130.8 | BV58: 188.4 | BW58: 336.4 | BX58: 108.6 | BY58: 119.9 | BZ58: 58.7 | CA58: 245.9 | CB58: 37.8 | CC58: 197.7 | CD58: 87.4 | CE58: 71.6 | CF58: 176.8 | CG58: 161.9 | CH58: 215.7 | CI58: 361 | CJ58: 85.2 | CK58: 118.2 | CL58: 62.6 | CM58: 249 | CN58: 38.6 | CO58: 204.2 | CP58: 90 | CQ58: 73.6 | CR58: 181.9 | CS58: 166.1 | CT58: 221.9 | CU58: 370.3 | CV58: 53.54 | CW58: 94.31 | CX58: 48.38 | CY58: 216.13 | CZ58: 31.78 | DA58: 146.38 | DB58: 71.84 | DC58: 55.9 | DD58: 140.19 | DE58: 123.71 | DF58: 186.65 | DG58: 311.65 | DH58: 54.1 | DI58: 92.5 | DJ58: 48.8 | DK58: 215.4 | DL58: 30.2 | DM58: 142.7 | DN58: 66.6 | DO58: 52.2 | DP58: 131.4 | DQ58: 115.6 | DR58: 175.7 | DS58: 306.5 | DT58: 55 | DU58: 94.5 | DV58: 49.6 | DW58: 219.1 | DX58: 26.2 | DY58: 144.1 | DZ58: 64
A59: КРС | B59: Хозяйства населения | C59: ЮЖНО-КАЗАХСТАНСКАЯ ОБЛАСТЬ | D59: 7596.9 | E59: 7331.5 | F59: 6972.5 | G59: 6593.06 | H59: 6901.67 | I59: 5796.19 | J59: 6181.59 | K59: 5989.61 | L59: 7430.5 | M59: 7329.6 | N59: 7972.6 | O59: 11492.6 | P59: 7585.3 | Q59: 7433.62 | R59: 7151.2 | S59: 6724.4 | T59: 7262.14 | U59: 5839.1 | V59: 6266.9 | W59: 6179 | X59: 7568.7 | Y59: 7672.7 | Z59: 8180.34 | AA59: 11650.85 | AB59: 7734.1 | AC59: 7572.33 | AD59: 7307.6 | AE59: 6798.9 | AF59: 7286.4 | AG59: 5731.6 | AH59: 7055.8 | AI59: 6623.8 | AJ59: 8206.05 | AK59: 7954.92 | AL59: 8719.2 | AM59: 12350.38 | AN59: 7843.4 | AO59: 7361.9 | AP59: 7502.24 | AQ59: 7042.22 | AR59: 7486.14 | AS59: - | AT59: - | AU59: - | AV59: - | AW59: - | AX59: - | AY59: - | AZ59: - | BA59: - | BB59: - | BC59: - | BD59: - | BE59: - | BF59: - | BG59: - | BH59: - | BI59: - | BJ59: - | BK59: - | BL59: - | BM59: - | BN59: - | BO59: - | BP59: - | BQ59: - | BR59: - | BS59: - | BT59: - | BU59: - | BV59: - | BW59: - | BX59: - | BY59: - | BZ59: - | CA59: - | CB59: - | CC59: - | CD59: - | CE59: - | CF59: - | CG59: - | CH59: - | CI59: - | CJ59: - | CK59: - | CL59: - | CM59: - | CN59: - | CO59: - | CP59: - | CQ59: - | CR59: - | CS59: - | CT59: - | CU59: - | CV59: - | CW59: - | CX59: - | CY59: - | CZ59: - | DA59: - | DB59: - | DC59: - | DD59: - | DE59: - | DF59: - | DG59: - | DH59: - | DI59: - | DJ59: - | DK59: - | DL59: - | DM59: - | DN59: - | DO59: - | DP59: - | DQ59: - | DR59: - | DS59: - | DT59: - | DU59: - | DV59: - | DW59: - | DX59: - | DY59: - | DZ59: -
A60: КРС | B60: Хозяйства населения | C60: ПАВЛОДАРСКАЯ ОБЛАСТЬ | D60: 1713.84 | E60: 1842.35 | F60: 1924.07 | G60: 1522.17 | H60: 1613.78 | I60: 1819.12 | J60: 2167.86 | K60: 1738.85 | L60: 1751.35 | M60: 2495.19 | N60: 3463.34 | O60: 5312.41 | P60: 1701.73 | Q60: 2094.17 | R60: 2040.77 | S60: 1514.95 | T60: 1568.13 | U60: 1703.4 | V60: 1922.63 | W60: 1406.69 | X60: 1655.44 | Y60: 2491.89 | Z60: 3420.5 | AA60: 4109.71 | AB60: 1767.22 | AC60: 2060.31 | AD60: 2105.15 | AE60: 1526.52 | AF60: 1676.89 | AG60: 1689.89 | AH60: 2209.26 | AI60: 1394.09 | AJ60: 1929.67 | AK60: 2584.1 | AL60: 3743.23 | AM60: 4025.16 | AN60: 1790.25 | AO60: 2066.84 | AP60: 2127.97 | AQ60: 1541.08 | AR60: 1724.64 | AS60: 1740.57 | AT60: 2209.26 | AU60: 1402.55 | AV60: 1971.84 | AW60: 2519.89 | AX60: 3830.81 | AY60: 4025.55 | AZ60: 1800.15 | BA60: 2087.1 | BB60: 2149 | BC60: 1595.63 | BD60: 1737.45 | BE60: 1766.61 | BF60: 2228.46 | BG60: 1384.26 | BH60: 1984.58 | BI60: 2573.81 | BJ60: 3932.76 | BK60: 3857.01 | BL60: 1835.2 | BM60: 2115.5 | BN60: 2159.2 | BO60: 1601.4 | BP60: 1745.2 | BQ60: 1773.4 | BR60: 2232.1 | BS60: 1440.4 | BT60: 1996 | BU60: 2582.1 | BV60: 3938.6 | BW60: 3864.4 | BX60: 1839.4 | BY60: 2143.8 | BZ60: 2135.4 | CA60: 1621.9 | CB60: 1783.4 | CC60: 1794.1 | CD60: 2278.4 | CE60: 1463.3 | CF60: 2005.8 | CG60: 2598.6 | CH60: 3984.9 | CI60: 3943.9 | CJ60: 1844.5 | CK60: 2147.7 | CL60: 2144 | CM60: 1633.1 | CN60: 1851.7 | CO60: 1822.8 | CP60: 2307.3 | CQ60: 1485.8 | CR60: 2020.6 | CS60: 2606.4 | CT60: 3994.7 | CU60: 3951.1 | CV60: 976.31 | CW60: 1272.06 | CX60: 1364.64 | CY60: 1046.51 | CZ60: 1242.94 | DA60: 1101.58 | DB60: 1370.72 | DC60: 1043.26 | DD60: 1210.07 | DE60: 1794.78 | DF60: 2973.31 | DG60: 3014.7 | DH60: 872.5 | DI60: 1272.1 | DJ60: 1371.1 | DK60: 1076 | DL60: 1249 | DM60: 1415.9 | DN60: 1470 | DO60: 1043.3 | DP60: 1210.3 | DQ60: 1802.6 | DR60: 2986.1 | DS60: 3348.6 | DT60: 1031.9 | DU60: 1307.5 | DV60: 1212.6 | DW60: 1129.5 | DX60: 1289.5 | DY60: 1565.4 | DZ60: 1530.5
A61: КРС | B61: Хозяйства населения | C61: СЕВЕРО-КАЗАХСТАНСКАЯ ОБЛАСТЬ | D61: 5684 | E61: 2852.15 | F61: 991.22 | G61: 1529.46 | H61: 1573.83 | I61: 491.2 | J61: 2632.96 | K61: 4539.13 | L61: 7647.37 | M61: 2200.54 | N61: 1761.35 | O61: 3222.57 | P61: 5625.21 | Q61: 2833.43 | R61: 980.57 | S61: 1518.06 | T61: 1559.64 | U61: 486.68 | V61: 2552.81 | W61: 4450.07 | X61: 7549.06 | Y61: 2164.16 | Z61: 1864.38 | AA61: 3541.62 | AB61: 5326.21 | AC61: 2732.9 | AD61: 992.98 | AE61: 1454.76 | AF61: 1496.65 | AG61: 490.4 | AH61: 2654.77 | AI61: 4280.41 | AJ61: 6846.37 | AK61: 2525.18 | AL61: 1773.56 | AM61: 2650.31 | AN61: 5296.07 | AO61: 2707.37 | AP61: 1278.33 | AQ61: 1552.16 | AR61: 1606.05 | AS61: 400.12 | AT61: 2734.6 | AU61: 4398.34 | AV61: 7037.94 | AW61: 2567 | AX61: 1818.67 | AY61: 2850.72 | AZ61: 5305.95 | BA61: 2717.24 | BB61: 1255.62 | BC61: 1552.79 | BD61: 1606.33 | BE61: 548.74 | BF61: 2734.6 | BG61: 4431.41 | BH61: 7101.13 | BI61: 2566.99 | BJ61: 1818.67 | BK61: 2905.24 | BL61: 5370.4 | BM61: 2731.7 | BN61: 1303.3 | BO61: 1564.2 | BP61: 1606.2 | BQ61: 494.1 | BR61: 2803.4 | BS61: 4446.3 | BT61: 7122.3 | BU61: 2611.6 | BV61: 1833.1 | BW61: 3544 | BX61: 5475.8 | BY61: 2785.2 | BZ61: 1335.3 | CA61: 1595.1 | CB61: 1638.1 | CC61: 503.9 | CD61: 2897 | CE61: 4537.2 | CF61: 7236.7 | CG61: 2653.2 | CH61: 1862.4 | CI61: 3544 | CJ61: 5508.9 | CK61: 2784.9 | CL61: 1335.3 | CM61: 1595.1 | CN61: 1638.1 | CO61: 511 | CP61: 2952.3 | CQ61: 4536.9 | CR61: 7252.8 | CS61: 2653.2 | CT61: 1862.4 | CU61: 3544 | CV61: 3259.97 | CW61: 1575.84 | CX61: 807.27 | CY61: 949.02 | CZ61: 954.2 | DA61: 280.21 | DB61: 1840.08 | DC61: 2802.98 | DD61: 4022.3 | DE61: 1476.12 | DF61: 981.66 | DG61: 1974.23 | DH61: 2826.4 | DI61: 1460.8 | DJ61: 717.5 | DK61: 843.9 | DL61: 865.8 | DM61: 282.6 | DN61: 1519.3 | DO61: 2426.5 | DP61: 3643.5 | DQ61: 1341.8 | DR61: 891.8 | DS61: 1846.5 | DT61: 2812.5 | DU61: 1454.1 | DV61: 714.1 | DW61: 839.5 | DX61: 866 | DY61: 281.1 | DZ61: 1533.8
A62: КРС | B62: Хозяйства населения | C62: ВОСТОЧНО-КАЗАХСТАНСКАЯ ОБЛАСТЬ | D62: 2679.87 | E62: 4395.76 | F62: 4673.21 | G62: 3894.65 | H62: 3802.49 | I62: 6960.5 | J62: 6294.18 | K62: 4356.7 | L62: 7349.43 | M62: 5160.62 | N62: 7993.29 | O62: 17046.01 | P62: 2724.32 | Q62: 4515.68 | R62: 4893.23 | S62: 3924.05 | T62: 4124.22 | U62: 7401.82 | V62: 6919.07 | W62: 3961.5 | X62: 7098.91 | Y62: 5286.51 | Z62: 7600.57 | AA62: 16822.98 | AB62: 2809.34 | AC62: 4597.38 | AD62: 4726.8 | AE62: 3926.72 | AF62: 4078.31 | AG62: 7988.26 | AH62: 6239.29 | AI62: 4157.97 | AJ62: 7315.95 | AK62: 5178.17 | AL62: 7194.66 | AM62: 17432.41 | AN62: 2861.05 | AO62: 4552.21 | AP62: 4982.17 | AQ62: 4019.46 | AR62: 4093.3 | AS62: 9110.21 | AT62: 6031.68 | AU62: 4328.31 | AV62: 7460.55 | AW62: 5275.78 | AX62: 6896.38 | AY62: 19037.31 | AZ62: 2918.41 | BA62: 4671.81 | BB62: 5171.01 | BC62: 4144.16 | BD62: 4425.95 | BE62: 9291.23 | BF62: 6103.5 | BG62: 4500.84 | BH62: 7716.27 | BI62: 5614.51 | BJ62: 7698.49 | BK62: 20434.55 | BL62: 2947.5 | BM62: 4759.5 | BN62: 5318.8 | BO62: 4295.9 | BP62: 4582.6 | BQ62: 8994.2 | BR62: 6494.6 | BS62: 4790.8 | BT62: 7993.8 | BU62: 5936.8 | BV62: 8203.3 | BW62: 21308.2 | BX62: 3010.2 | BY62: 4887.3 | BZ62: 5555.5 | CA62: 4477.8 | CB62: 4731.3 | CC62: 9475.9 | CD62: 6827.1 | CE62: 4965.2 | CF62: 7939 | CG62: 6018 | CH62: 8539.8 | CI62: 20105.8 | CJ62: 3149.1 | CK62: 5042.6 | CL62: 5880.5 | CM62: 4612.7 | CN62: 4933 | CO62: 4702.9 | CP62: 4147.8 | CQ62: 2636.3 | CR62: 5298.6 | CS62: 3030.1 | CT62: 4164 | CU62: 7720.7 | CV62: 822.79 | CW62: 1538.65 | CX62: 1844.57 | CY62: 1193.36 | CZ62: 1755.64 | DA62: 2915.61 | DB62: 2642.98 | DC62: 1785.29 | DD62: 3346.22 | DE62: 1827.28 | DF62: 2537.67 | DG62: 4586.75 | DH62: 819 | DI62: 1579.8 | DJ62: 1680.3 | DK62: 1214.8 | DL62: 1742.6 | DM62: 2935.8 | DN62: 2745.2 | DO62: 1867.4 | DP62: 3379.6 | DQ62: 2015.7 | DR62: 2716.8 | DS62: 5156 | DT62: 841.5 | DU62: 1632 | DV62: 1728 | DW62: 1191.8 | DX62: 1712 | DY62: 2890.5 | DZ62: 2854.8
A63: КРС | B63: Хозяйства населения | C63: ГАСТАНА | D63: 3.5 | E63: 7.35 | F63: 6.36 | G63: 6.3 | H63: 4.9 | I63: 7.13 | J63: 7.03 | K63: 6.68 | L63: 6.63 | M63: 4.19 | N63: 8.38 | O63: 5.01 | P63: 3.53 | Q63: 7.41 | R63: 6.35 | S63: 6.36 | T63: 5.3 | U63: 7.07 | V63: 7.07 | W63: 9.18 | X63: 9.18 | Y63: 9.17 | Z63: 11.65 | AA63: 4.59 | AB63: 3.53 | AC63: 6.7 | AD63: 6.91 | AE63: 6.36 | AF63: 5.29 | AG63: 7.05 | AH63: 6.68 | AI63: 5.98 | AJ63: 7.04 | AK63: 8.45 | AL63: 8.44 | AM63: 5.94 | AN63: 3.85 | AO63: 7 | AP63: 7.04 | AQ63: 5.76 | AR63: 4.16 | AS63: 7.02 | AT63: 6.67 | AU63: 5.97 | AV63: 7.77 | AW63: 8.54 | AX63: 8.54 | AY63: 5.95 | AZ63: 3.52 | BA63: 6.72 | BB63: 6.4 | BC63: 5.26 | BD63: 4.21 | BE63: 7.37 | BF63: 7.74 | BG63: 5.3 | BH63: 4.6 | BI63: 3.85 | BJ63: 2.8 | BK63: 3.89 | BL63: 3.5 | BM63: 6.4 | BN63: 6.1 | BO63: 5.3 | BP63: 3.9 | BQ63: 6 | BR63: 6.7 | BS63: 3.5 | BT63: 4.9 | BU63: 4.2 | BV63: 3.2 | BW63: 5.6 | BX63: 3.2 | BY63: 5.8 | BZ63: 6.1 | CA63: 5.4 | CB63: 3.8 | CC63: 4.2 | CD63: 3.5 | CE63: 2.1 | CF63: 4.9 | CG63: 4.2 | CH63: 2.8 | CI63: 5.3 | CJ63: 2.8 | CK63: 5.6 | CL63: 6.7 | CM63: 5.3 | CN63: 3.9 | CO63: 4.6 | CP63: 3.5 | CQ63: 2.1 | CR63: 4.9 | CS63: 4.3 | CT63: 2.9 | CU63: 5.1 | CV63: 2.6 | CW63: 5.4 | CX63: 6.4 | CY63: 5.2 | CZ63: 3.4 | DA63: 4.6 | DB63: 3.6 | DC63: 2 | DD63: 5.3 | DE63: 4.4 | DF63: 2.8 | DG63: 5.3 | DH63: 2.2 | DI63: 3.5 | DJ63: 3.5 | DK63: 2.7 | DL63: 2.1 | DM63: 2.7 | DN63: 1.7 | DO63: 1.7 | DP63: 3.4 | DQ63: 2.6 | DR63: 2 | DS63: 3.6 | DT63: 1.7 | DU63: 2.7 | DV63: 2.7 | DW63: 2 | DX63: 2.1 | DY63: 2.6 | DZ63: 1.7
A64: КРС | B64: Хозяйства населения | C64: ГАЛМАТЫ | D64: 19.25 | E64: 11.55 | F64: 25.2 | G64: 29.05 | H64: 33.6 | I64: 35 | J64: 0.35 | K64: 8.75 | L64: 7 | M64: 9.8 | N64: 10.86 | O64: 63.36 | P64: 27.72 | Q64: 15.18 | R64: 94.38 | S64: 76.65 | T64: 12.54 | U64: 1.65 | W64: 11.88 | X64: 5.61 | Y64: 8.25 | Z64: 24.42 | AA64: 0.33 | AB64: 1.65 | AC64: 54.12 | AD64: 22.44 | AE64: 44.22 | AF64: 101.31 | AG64: 16.5 | AH64: 6.3 | AI64: 15.84 | AJ64: 3.63 | AK64: 2.64 | AL64: 22.11 | AM64: 0.66 | AN64: 49.57 | AO64: 7.1 | AP64: 88.22 | AQ64: 2.7 | AR64: 92.07 | AS64: 2.31 | AT64: 3.63 | AU64: 1.65 | AV64: 6.93 | AW64: 7.26 | AX64: 60.72 | AY64: 9.57 | AZ64: 52.8 | BA64: 9.9 | BB64: 55.44 | BC64: 0.66 | BD64: 95.7 | BE64: 23.43 | BF64: 20.46 | BG64: 6.93 | BH64: 4.29 | BI64: 1.65 | BJ64: 32.8 | BK64: 123.75 | BL64: 24.8 | BM64: 22.1 | BN64: 15.5 | BO64: 6.9 | BP64: 1 | BQ64: 2.3 | BR64: 0.3 | BT64: 28.4 | BU64: 3 | BV64: 25.4 | BW64: 34.3 | BX64: 5.6 | BY64: 24.4 | BZ64: 4.6 | CA64: 22.8 | CB64: 1 | CC64: 17.5 | CD64: 0.3 | CF64: 3.3 | CG64: 1.7 | CH64: 4.3 | CI64: 19.5 | CL64: 43.2 | CM64: 2.6 | CN64: 0.7 | CO64: 3.3 | CP64: 5.9 | CR64: 3 | CS64: 20.1 | CT64: 3 | CU64: 4 | CV64: 5.9 | CW64: 0.7 | CY64: 0.3 | DA64: 0.7 | DB64: 3 | DD64: 2.4 | DE64: 6.9 | DF64: 3.6 | DG64: 76.3 | DH64: 0.3 | DI64: 4.3 | DJ64: 3.6 | DK64: 3.6 | DL64: 2.6 | DM64: 2.3 | DN64: 0.3 | DO64: 2.3 | DP64: 12.5 | DQ64: 4 | DR64: 5.9 | DS64: 18.8 | DT64: 2.3 | DU64: 2.6 | DV64: 0.3 | DW64: - | DX64: - | DY64: 45.5 | DZ64: 43.6
A65: КРС | B65: Хозяйства населения | C65: ГШЫМКЕНТ | D65: - | E65: - | F65: - | G65: - | H65: - | I65: - | J65: - | K65: - | L65: - | M65: - | N65: - | O65: - | P65: - | Q65: - | R65: - | S65: - | T65: - | U65: - | V65: - | W65: - | X65: - | Y65: - | Z65: - | AA65: - | AB65: - | AC65: - | AD65: - | AE65: - | AF65: - | AG65: - | AH65: - | AI65: - | AJ65: - | AK65: - | AL65: - | AM65: - | AN65: - | AO65: - | AP65: - | AQ65: - | AR65: - | AS65: 256.75 | AT65: 251.75 | AU65: 193.12 | AV65: 186.01 | AW65: 152 | AX65: 176.6 | AY65: 582.2 | AZ65: 498.1 | BA65: 404.5 | BB65: 293.9 | BC65: 294.5 | BD65: 300 | BE65: 257.2 | BF65: 274.7 | BG65: 232.5 | BH65: 226.5 | BI65: 179.1 | BJ65: 176.3 | BK65: 463.3 | BL65: 500.1 | BM65: 400.9 | BN65: 293.9 | BO65: 299.5 | BP65: 300 | BQ65: 257.2 | BR65: 274.7 | BS65: 232.5 | BT65: 226.5 | BU65: 179.1 | BV65: 176.3 | BW65: 849.7 | BX65: 500.1 | BY65: 439.5 | BZ65: 320.6 | CA65: 335.5 | CB65: 340.8 | CC65: 291.2 | CD65: 291.6 | CE65: 276.5 | CF65: 253.3 | CG65: 246.4 | CH65: 178.3 | CI65: 513 | CJ65: 501.1 | CK65: 441.2 | CL65: 320.5 | CM65: 335.8 | CN65: 343.8 | CO65: 291.3 | CP65: 292.3 | CQ65: 277 | CR65: 256.6 | CS65: 247.3 | CT65: 241.9 | CU65: 582.7 | CV65: 492 | CW65: 442.4 | CX65: 321.2 | CY65: 335.8 | CZ65: 343.9 | DA65: 291.6 | DB65: 292.3 | DC65: 277 | DD65: 256.5 | DE65: 247.2 | DF65: 241.9 | DG65: 582.7 | DH65: 498.4 | DI65: 442.4 | DJ65: 321.2 | DK65: 335.8 | DL65: 343.8 | DM65: 290.9 | DN65: 292.3 | DO65: 277 | DP65: 266.2 | DQ65: 260.4 | DR65: 241.9 | DS65: 582.7 | DT65: 498.4 | DU65: 410.6 | DV65: 321.2 | DW65: 322 | DX65: 355.2 | DY65: 295.9 | DZ65: 308.5
A66: КРС | B66: Хозяйства населения | C66: ТУРКЕСТАНСКАЯ ОБЛАСТЬ | D66: - | E66: - | F66: - | G66: - | H66: - | I66: - | J66: - | K66: - | L66: - | M66: - | N66: - | O66: - | P66: - | Q66: - | R66: - | S66: - | T66: - | U66: - | V66: - | W66: - | X66: - | Y66: - | Z66: - | AA66: - | AB66: - | AC66: - | AD66: - | AE66: - | AF66: - | AG66: - | AH66: - | AI66: - | AJ66: - | AK66: - | AL66: - | AM66: - | AN66: - | AO66: - | AP66: - | AQ66: - | AR66: - | AS66: 5818.6 | AT66: 6828.44 | AU66: 6447.92 | AV66: 8300.63 | AW66: 7851.25 | AX66: 8915.1 | AY66: 12301.86 | AZ66: 7660.99 | BA66: 7345.03 | BB66: 7349.56 | BC66: 7076.18 | BD66: 7546.67 | BE66: 6376.67 | BF66: 6852.36 | BG66: 6534.03 | BH66: 8323.25 | BI66: 8059.26 | BJ66: 9153.86 | BK66: 12936.33 | BL66: 7691.3 | BM66: 7593.5 | BN66: 7539.5 | BO66: 7210.8 | BP66: 7614.1 | BQ66: 6317.6 | BR66: 7012.6 | BS66: 6625.5 | BT66: 8717.6 | BU66: 8712.9 | BV66: 9807.3 | BW66: 13273 | BX66: 7903.2 | BY66: 7849.7 | BZ66: 7778.1 | CA66: 7422.9 | CB66: 7704.9 | CC66: 6491.7 | CD66: 7174.4 | CE66: 6686.4 | CF66: 9076.5 | CG66: 9211.2 | CH66: 10341.8 | CI66: 13755 | CJ66: 7900 | CK66: 7836.7 | CL66: 7819 | CM66: 7408 | CN66: 7717.2 | CO66: 6504.7 | CP66: 7278.9 | CQ66: 6775.8 | CR66: 9329.7 | CS66: 9555.5 | CT66: 10520.7 | CU66: 14171.7 | CV66: 5591.27 | CW66: 5651.95 | CX66: 5624.19 | CY66: 5290.18 | CZ66: 5463.28 | DA66: 4533.07 | DB66: 4923.45 | DC66: 4640.93 | DD66: 6550.45 | DE66: 6727.45 | DF66: 7467.77 | DG66: 9982.17 | DH66: 5531.7 | DI66: 4857.2 | DJ66: 5016.4 | DK66: 4833 | DL66: 4870 | DM66: 4745.9 | DN66: 4982.5 | DO66: 4696.6 | DP66: 6962.9 | DQ66: 6914.7 | DR66: 7852.7 | DS66: 15528.8 | DT66: 6301.8 | DU66: 5863.6 | DV66: 5895.6 | DW66: 5411.7 | DX66: 5640.1 | DY66: 5459.4 | DZ66: 5132.4
A67: КРС | B67: Хозяйства населения | C67: ОБЛАСТЬ ЖЕТІСУ | D67: - | E67: - | F67: - | G67: - | H67: - | I67: - | J67: - | K67: - | L67: - | M67: - | N67: - | O67: - | P67: - | Q67: - | R67: - | S67: - | T67: - | U67: - | V67: - | W67: - | X67: - | Y67: - | Z67: - | AA67: - | AB67: - | AC67: - | AD67: - | AE67: - | AF67: - | AG67: - | AH67: - | AI67: - | AJ67: - | AK67: - | AL67: - | AM67: - | AN67: - | AO67: - | AP67: - | AQ67: - | AR67: - | AS67: - | AT67: - | AU67: - | AV67: - | AW67: - | AX67: - | AY67: - | AZ67: - | BA67: - | BB67: - | BC67: - | BD67: - | BE67: - | BF67: - | BG67: - | BH67: - | BI67: - | BJ67: - | BK67: - | BL67: - | BM67: - | BN67: - | BO67: - | BP67: - | BQ67: - | BR67: - | BS67: - | BT67: - | BU67: - | BV67: - | BW67: - | BX67: - | BY67: - | BZ67: - | CA67: - | CB67: - | CC67: - | CD67: - | CE67: - | CF67: - | CG67: - | CH67: - | CI67: - | CJ67: - | CK67: - | CL67: - | CM67: - | CN67: - | CO67: 6416.9 | CP67: 607.3 | CQ67: 1600.2 | CR67: 6259.4 | CS67: 5853.9 | CT67: 6882.4 | CU67: 6832.9 | CV67: 1668.77 | CW67: 1289.35 | CX67: 3037.93 | CY67: 704.36 | CZ67: 2129.56 | DA67: 4938.92 | DB67: 424.12 | DC67: 1460.33 | DD67: 4839.65 | DE67: 4695.68 | DF67: 5230.49 | DG67: 4895.33 | DH67: 1707.2 | DI67: 1301 | DJ67: 3074.4 | DK67: 718.5 | DL67: 2253.1 | DM67: 5048 | DN67: 435.2 | DO67: 1493.9 | DP67: 4933.3 | DQ67: 4744.1 | DR67: 4500.9 | DS67: 5024 | DT67: 1757.3 | DU67: 1367.6 | DV67: 3140.9 | DW67: 821.5 | DX67: 2329.5 | DY67: 5231.6 | DZ67: 481.9
A68: КРС | B68: Хозяйства населения | C68: ОБЛАСТЬ ҰЛЫТАУ | D68: - | E68: - | F68: - | G68: - | H68: - | I68: - | J68: - | K68: - | L68: - | M68: - | N68: - | O68: - | P68: - | Q68: - | R68: - | S68: - | T68: - | U68: - | V68: - | W68: - | X68: - | Y68: - | Z68: - | AA68: - | AB68: - | AC68: - | AD68: - | AE68: - | AF68: - | AG68: - | AH68: - | AI68: - | AJ68: - | AK68: - | AL68: - | AM68: - | AN68: - | AO68: - | AP68: - | AQ68: - | AR68: - | AS68: - | AT68: - | AU68: - | AV68: - | AW68: - | AX68: - | AY68: - | AZ68: - | BA68: - | BB68: - | BC68: - | BD68: - | BE68: - | BF68: - | BG68: - | BH68: - | BI68: - | BJ68: - | BK68: - | BL68: - | BM68: - | BN68: - | BO68: - | BP68: - | BQ68: - | BR68: - | BS68: - | BT68: - | BU68: - | BV68: - | BW68: - | BX68: - | BY68: - | BZ68: - | CA68: - | CB68: - | CC68: - | CD68: - | CE68: - | CF68: - | CG68: - | CH68: - | CI68: - | CJ68: - | CK68: - | CL68: - | CM68: - | CN68: - | CO68: 1149.2 | CP68: 169.6 | CQ68: 719 | CR68: 1026.5 | CS68: 647.1 | CT68: 581.8 | CU68: 1686.1 | CV68: 746.83 | CW68: 346.1 | CX68: 353.68 | CY68: 89.01 | CZ68: 344.08 | DA68: 532.15 | DB68: 60.81 | DC68: 426.8 | DD68: 506.83 | DE68: 398.22 | DF68: 151.14 | DG68: 552.23 | DH68: 753 | DI68: 351.1 | DJ68: 360.9 | DK68: 90.3 | DL68: 348.7 | DM68: 536 | DN68: 62.3 | DO68: 441.1 | DP68: 508.9 | DQ68: 399.7 | DR68: 152.8 | DS68: 559.4 | DT68: 764.6 | DU68: 355.8 | DV68: 365.5 | DW68: 90.9 | DX68: 352.1 | DY68: 542.5 | DZ68: 62.3
A69: КРС | B69: Хозяйства населения | C69: ОБЛАСТЬ АБАЙ | D69: - | E69: - | F69: - | G69: - | H69: - | I69: - | J69: - | K69: - | L69: - | M69: - | N69: - | O69: - | P69: - | Q69: - | R69: - | S69: - | T69: - | U69: - | V69: - | W69: - | X69: - | Y69: - | Z69: - | AA69: - | AB69: - | AC69: - | AD69: - | AE69: - | AF69: - | AG69: - | AH69: - | AI69: - | AJ69: - | AK69: - | AL69: - | AM69: - | AN69: - | AO69: - | AP69: - | AQ69: - | AR69: - | AS69: - | AT69: - | AU69: - | AV69: - | AW69: - | AX69: - | AY69: - | AZ69: - | BA69: - | BB69: - | BC69: - | BD69: - | BE69: - | BF69: - | BG69: - | BH69: - | BI69: - | BJ69: - | BK69: - | BL69: - | BM69: - | BN69: - | BO69: - | BP69: - | BQ69: - | BR69: - | BS69: - | BT69: - | BU69: - | BV69: - | BW69: - | BX69: - | BY69: - | BZ69: - | CA69: - | CB69: - | CC69: - | CD69: - | CE69: - | CF69: - | CG69: - | CH69: - | CI69: - | CJ69: - | CK69: - | CL69: - | CM69: - | CN69: - | CO69: 5016.5 | CP69: 2819.6 | CQ69: 2213.2 | CR69: 2730.8 | CS69: 3141.1 | CT69: 5016.8 | CU69: 13031.8 | CV69: 710.69 | CW69: 1004.85 | CX69: 1169.79 | CY69: 1104.13 | CZ69: 1002.2 | DA69: 2611.97 | DB69: 780.28 | DC69: 957.48 | DD69: 1323.87 | DE69: 1301.83 | DF69: 2231.38 | DG69: 9456.21 | DH69: 707.2 | DI69: 893.4 | DJ69: 1221.1 | DK69: 1108 | DL69: 1020.2 | DM69: 2612.1 | DN69: 794.7 | DO69: 1009.4 | DP69: 1406.5 | DQ69: 1344.8 | DR69: 2363.5 | DS69: 10247.4 | DT69: 861.9 | DU69: 1097.7 | DV69: 1456.9 | DW69: 1326.3 | DX69: 1054.3 | DY69: 3198 | DZ69: 586.1
A70: Свиньи | B70: Сельхозпредприятия | C70: РЕСПУБЛИКА КАЗАХСТАН | D70: 3939.58 | E70: 4260.87 | F70: 5232.27 | G70: 5028.72 | H70: 4164.96 | I70: 3722.08 | J70: 3034.55 | K70: 3825.09 | L70: 3911.53 | M70: 3456 | N70: 2180.33 | O70: 2647.22 | P70: 4274.31 | Q70: 3939.58 | R70: 3602.22 | S70: 3724.8 | T70: 3875.45 | U70: 3850.03 | V70: 4079.2 | W70: 4014.86 | X70: 3421.51 | Y70: 3642.37 | Z70: 4409.48 | AA70: 3963.16 | AB70: 4273.78 | AC70: 3781.85 | AD70: 3952.27 | AE70: 3877.4 | AF70: 4432.39 | AG70: 3888.97 | AH70: 4113 | AI70: 3570.37 | AJ70: 3748.48 | AK70: 3578.98 | AL70: 3778.63 | AM70: 4123.62 | AN70: 2992.06 | AO70: 3169.1 | AP70: 3398.02 | AQ70: 3417.75 | AR70: 3549.01 | AS70: 3319.2 | AT70: 3538.05 | AU70: 3235.61 | AV70: 2974.83 | AW70: 2918.36 | AX70: 3120.18 | AY70: 3077.4 | AZ70: 2968.9 | BA70: 2774.5 | BB70: 3200.03 | BC70: 3414.15 | BD70: 3302.48 | BE70: 3121.62 | BF70: 3458.12 | BG70: 3500.9 | BH70: 3606.68 | BI70: 3519.05 | BJ70: 3321.57 | BK70: 3913.78 | BL70: 3310.51 | BM70: 3281.31 | BN70: 3634.87 | BO70: 3579.38 | BP70: 3865.2 | BQ70: 3526.1 | BR70: 3274.24 | BS70: 3365.37 | BT70: 3568.35 | BU70: 3443.12 | BV70: 3112.71 | BW70: 3872.06 | BX70: 4049.41 | BY70: 3355.96 | BZ70: 3704.76 | CA70: 3187.08 | CB70: 3292.28 | CC70: 3626.25 | CD70: 2950.32 | CE70: 2635.34 | CF70: 2542.4 | CG70: 2908.59 | CH70: 3164.45 | CI70: 2925.84 | CJ70: 3109 | CK70: 2616.12 | CL70: 3166.94 | CM70: 2925.03 | CN70: 2959.94 | CO70: 3393.43 | CP70: 3216.13 | CQ70: 3110.17 | CR70: 3504.63 | CS70: 3474.05 | CT70: 3371.85 | CU70: 3298.96 | CV70: 3212.22 | CW70: 3073.91 | CX70: 3627.73 | CY70: 3625.34 | CZ70: 3698.88 | DA70: 3516.51 | DB70: 3408.78 | DC70: 3503.73 | DD70: 3284.71 | DE70: 3811.65 | DF70: 3454.65 | DG70: 4073.6 | DH70: 3666.9 | DI70: 3381 | DJ70: 3356.28 | DK70: 3896.1 | DL70: 3364.86 | DM70: 4205.13 | DN70: 3095.84 | DO70: 3171.33 | DP70: 3223.39 | DQ70: 3258.01 | DR70: 3269.72 | DS70: 3872.78 | DT70: 3254.79 | DU70: 3222.78 | DV70: 4246.26 | DW70: 4131.53 | DX70: 3926.13 | DY70: 4018.11 | DZ70: 4256.92
A71: Свиньи | B71: Сельхозпредприятия | C71: АКМОЛИНСКАЯ ОБЛАСТЬ | D71: 72.32 | E71: 44.44 | F71: 81.59 | G71: 117.04 | H71: 146.62 | I71: 114.41 | J71: 105.97 | K71: 79.82 | L71: 136.65 | M71: 92.88 | N71: 81.52 | O71: 65.95 | P71: 66.02 | Q71: 99.64 | R71: 76.02 | S71: 114.28 | T71: 90.62 | U71: 47.67 | V71: 93.93 | W71: 142.07 | X71: 64.26 | Y71: 70.38 | Z71: 55.61 | AA71: 105.77 | AB71: 66.02 | AC71: 27.28 | AD71: 77.68 | AE71: 59.8 | AF71: 96.03 | AG71: 65.37 | AH71: 96.72 | AI71: 79.6 | AJ71: 75.75 | AK71: 79.02 | AL71: 62.73 | AM71: 65.52 | AN71: 44.31 | AO71: 63.07 | AP71: 96.56 | AQ71: 71.51 | AR71: 92.7 | AS71: 56.21 | AT71: 37.97 | AU71: 75.92 | AV71: 81.09 | AW71: 52.26 | AX71: 71.94 | AY71: 58.84 | AZ71: 33.65 | BA71: 38.86 | BB71: 41.5 | BC71: 47.09 | BD71: 36.99 | BE71: 64.46 | BF71: 47.56 | BG71: 52.99 | BH71: 54.39 | BI71: 56.74 | BJ71: 37.51 | BK71: 41.1 | BL71: 22.32 | BM71: 38.09 | BN71: 45.35 | BO71: 49.3 | BP71: 50.55 | BQ71: 57.72 | BR71: 53.58 | BS71: 47.83 | BT71: 49.36 | BU71: 42.5 | BV71: 58.78 | BW71: 41.85 | BX71: 26.33 | BY71: 25.94 | BZ71: 95.58 | CA71: 17.95 | CB71: 16.24 | CC71: 14.62 | CD71: 19.82 | CE71: 27.72 | CF71: 72.22 | CG71: 41.4 | CH71: 56.25 | CI71: 48.15 | CJ71: 26.87 | CK71: 54.22 | CL71: 28.99 | CM71: 19.81 | CN71: 22.54 | CO71: 20.14 | CP71: 20.68 | CQ71: 30.49 | CR71: 25.1 | CS71: 19.08 | CT71: 6.79 | CU71: 15.02 | CV71: 17.52 | CW71: 6.6 | CX71: 13.89 | CY71: 17.05 | CZ71: 15.56 | DA71: 15.28 | DB71: 8.5 | DC71: 12.55 | DD71: 11.99 | DE71: 18.75 | DF71: 13.45 | DG71: 13.37 | DH71: 7.09 | DI71: 9.4 | DJ71: 6.94 | DK71: 6.55 | DL71: 6.74 | DM71: 17.26 | DN71: 12.39 | DO71: 16.33 | DP71: 16.16 | DQ71: 16.45 | DR71: 9.79 | DS71: 22.95 | DT71: 5.62 | DU71: 9.99 | DV71: 15.77 | DW71: 5.14 | DX71: 9.24 | DY71: 6.92 | DZ71: 7.35
A72: Свиньи | B72: Сельхозпредприятия | C72: АКТЮБИНСКАЯ ОБЛАСТЬ | D72: 711.9 | E72: 712 | F72: 711.6 | G72: 720.9 | H72: 713.5 | I72: 711.2 | J72: 712.5 | K72: 712.9 | L72: 711.3 | M72: 702.1 | N72: 716.4 | O72: 716.5 | P72: 769.1 | Q72: 769.6 | R72: 768.4 | S72: 768.8 | T72: 769.7 | U72: 767.9 | V72: 768.5 | W72: 770 | X72: 770.3 | Y72: 769.1 | Z72: 1098.9 | AA72: 877.9 | AB72: 769.1 | AC72: 768 | AD72: 769 | AE72: 769.6 | AF72: 771.2 | AG72: 772.3 | AH72: 771.9 | AI72: 773.2 | AJ72: 773.7 | AK72: 670.9 | AL72: 559.4 | AM72: 792.5 | AN72: 773.4 | AO72: 900.3 | AP72: 778.5 | AQ72: 774.3 | AR72: 1082.7 | AS72: 801.8 | AT72: 871.3 | AU72: 912.6 | AV72: 699.6 | AW72: 778 | AX72: 856.3 | AY72: 779.2 | AZ72: 849.6 | BA72: 849.6 | BB72: 849.6 | BC72: 849.6 | BD72: 851.9 | BE72: 835.2 | BF72: 869.6 | BG72: 850 | BH72: 816 | BI72: 848.3 | BJ72: 819.4 | BK72: 905.9 | BL72: 897.4 | BM72: 825.61 | BN72: 840.9 | BO72: 943.5 | BP72: 1196.3 | BQ72: 985.7 | BR72: 924 | BS72: 923.2 | BT72: 884.6 | BU72: 955.1 | BV72: 776.9 | BW72: 1037.3 | BX72: 900.4 | BY72: 874.4 | BZ72: 887.7 | CA72: 433.99 | CB72: 806.1 | CC72: 885.5 | CD72: 121.2 | CE72: - | CF72: - | CG72: - | CH72: - | CI72: - | CJ72: - | CK72: - | CL72: - | CM72: - | CN72: - | CO72: 33.1 | CP72: - | CQ72: - | CR72: - | CS72: - | CT72: - | CU72: - | CV72: - | CW72: - | CX72: - | CY72: - | CZ72: - | DA72: - | DB72: - | DC72: - | DD72: - | DE72: - | DF72: - | DG72: - | DH72: - | DI72: - | DJ72: - | DK72: - | DL72: - | DM72: - | DN72: - | DO72: - | DP72: - | DQ72: - | DR72: - | DS72: - | DT72: - | DU72: - | DV72: - | DW72: - | DX72: - | DY72: - | DZ72: -
A73: Свиньи | B73: Сельхозпредприятия | C73: АЛМАТИНСКАЯ ОБЛАСТЬ | D73: 1030.35 | E73: 1250.45 | F73: 1671.25 | G73: 1607.85 | H73: 853.75 | I73: 866.75 | J73: 226.75 | K73: 1234.55 | L73: 1165.15 | M73: 971.95 | N73: 56.55 | O73: 91.25 | P73: 1559.35 | Q73: 978.45 | R73: 880.05 | S73: 1140.3 | T73: 1230.34 | U73: 979.43 | V73: 1016.06 | W73: 888.28 | X73: 559.82 | Y73: 826.26 | Z73: 906.66 | AA73: 795.17 | AB73: 1559 | AC73: 1008.45 | AD73: 1030.26 | AE73: 950.13 | AF73: 1114.65 | AG73: 901.17 | AH73: 1081.66 | AI73: 391.61 | AJ73: 484.26 | AK73: 447.61 | AL73: 383.91 | AM73: 452.72 | AN73: 420.04 | AO73: 314.84 | AP73: 390.29 | AQ73: 467.46 | AR73: 414.08 | AS73: 272.91 | AT73: 772.61 | AU73: 394.96 | AV73: 354.56 | AW73: 96.62 | AX73: 194.33 | AY73: 93.73 | AZ73: 56.01 | BA73: 50.25 | BB73: 151.17 | BC73: 300.27 | BD73: 240.5 | BE73: 179.19 | BF73: 161.04 | BG73: 186.6 | BH73: 456.52 | BI73: 155.39 | BJ73: 144.47 | BK73: 145.91 | BL73: 151.87 | BM73: 108.89 | BN73: 139.17 | BO73: 81.74 | BP73: 105.87 | BQ73: 146.85 | BR73: 93.75 | BS73: 62.2 | BT73: 55.2 | BU73: 112.75 | BV73: 89.78 | BW73: 127.58 | BX73: 158.7 | BY73: 123.73 | BZ73: 81.65 | CA73: 79.31 | CB73: 84.51 | CC73: 97.36 | CD73: 407.19 | CE73: 57.32 | CF73: 51.03 | CG73: 373.88 | CH73: 132.9 | CI73: 96.73 | CJ73: 72.95 | CK73: 29.75 | CL73: 140.27 | CM73: 66.69 | CN73: 38.51 | CO73: 67.3 | CP73: 51.43 | CQ73: 105.88 | CR73: 98.93 | CS73: 71.9 | CT73: 58 | CU73: 43.54 | CV73: 61.23 | CW73: 94.7 | CX73: 112 | CY73: 154.02 | CZ73: 146.3 | DA73: 139.4 | DB73: 139.1 | DC73: 68.04 | DD73: 53.3 | DE73: 61.39 | DF73: 60.7 | DG73: 46.83 | DH73: 19.73 | DI73: 22.75 | DJ73: 22.7 | DK73: 22 | DL73: 19.95 | DM73: 9.89 | DN73: 2.22 | DO73: 2.94 | DP73: 3.57 | DQ73: 4.34 | DR73: 5.6 | DS73: 2.4 | DT73: 1.7 | DU73: 7.1 | DV73: - | DW73: - | DX73: - | DY73: - | DZ73: -
A74: Свиньи | B74: Сельхозпредприятия | C74: АТЫРАУСКАЯ ОБЛАСТЬ | D74: 0.48 | E74: 0.32 | F74: 0.32 | G74: 1.48 | H74: 2.28 | I74: 2.44 | J74: 4.64 | K74: - | L74: - | M74: - | N74: - | O74: - | P74: - | Q74: - | R74: 0.92 | S74: - | T74: - | U74: - | V74: - | W74: - | X74: - | Y74: - | Z74: - | AA74: - | AB74: - | AC74: - | AD74: - | AE74: - | AF74: - | AG74: - | AH74: - | AI74: - | AJ74: - | AK74: - | AL74: - | AM74: - | AN74: - | AO74: - | AP74: - | AQ74: - | AR74: - | AS74: - | AT74: - | AU74: - | AV74: 0.7 | AW74: - | AX74: 0.14 | AY74: - | AZ74: 0.1 | BA74: 0.36 | BB74: - | BC74: 2.2 | BD74: 0.2 | BE74: - | BF74: - | BG74: 5.4 | BH74: 1.5 | BI74: 0.69 | BJ74: 2.2 | BK74: 0.4 | BL74: 0.2 | BM74: - | BN74: 0.6 | BO74: - | BP74: 0.1 | BQ74: - | BR74: - | BS74: - | BT74: - | BU74: - | BV74: - | BW74: - | BX74: - | BY74: 0.56 | BZ74: 0.21 | CA74: - | CB74: - | CC74: - | CD74: - | CE74: - | CF74: - | CG74: - | CH74: - | CI74: - | CJ74: 2.1 | DB74: - | DC74: 0.2 | DD74: 0.64 | DE74: 0.18 | DF74: - | DG74: - | DH74: 0.71 | DI74: 6.43 | DJ74: - | DK74: - | DL74: - | DM74: - | DN74: - | DO74: - | DP74: - | DQ74: - | DR74: - | DS74: - | DT74: - | DU74: - | DV74: - | DW74: - | DX74: - | DY74: - | DZ74: -
A75: Свиньи | B75: Сельхозпредприятия | C75: ЗАПАДНО-КАЗАХСТАНСКАЯ ОБЛАСТЬ | D75: 51.83 | E75: 46.5 | F75: 72 | G75: 54.65 | H75: 57 | I75: 69.8 | J75: 53.6 | K75: 51.4 | L75: 49.43 | M75: 65.3 | N75: 51.45 | O75: 76.55 | P75: 47.45 | Q75: 51.6 | R75: 53.9 | S75: 74.9 | T75: 73.14 | U75: 75.8 | V75: 61 | W75: 68.18 | X75: 55.4 | Y75: 59.3 | Z75: 89.1 | AA75: 67.7 | AB75: 47.45 | AC75: 66 | AD75: 64.2 | AE75: 71.9 | AF75: 81.1 | AG75: 77.6 | AH75: 119.6 | AI75: 160.1 | AJ75: 2.4 | AK75: 1.9 | AL75: 2.1 | AM75: 4 | AN75: 4.8 | AO75: 5.4 | AP75: 6 | AQ75: 6.8 | AR75: 8.3 | AS75: 5.6 | AT75: 5.6 | AU75: 13 | AV75: 13.2 | AW75: 14.64 | AX75: 6.29 | AY75: 5.15 | AZ75: 34.22 | BA75: 34.1 | BB75: 30.37 | BC75: 36.16 | BD75: 18.3 | BE75: 49.3 | BF75: 25.49 | BG75: 39.99 | BH75: 43.13 | BI75: 70.63 | BJ75: 52.32 | BK75: 56.98 | BL75: 45.3 | BM75: 36.72 | BN75: 59.5 | BO75: 0.21 | BP75: 0.3 | BQ75: - | BR75: - | BS75: - | BT75: - | BU75: 0.3 | BV75: - | BW75: - | BX75: 109.38 | BY75: 111.55 | BZ75: 128.81 | CA75: 129.7 | CB75: 127.8 | CC75: 112.42 | CD75: 112.56 | CE75: 116.66 | CF75: 114.97 | CG75: 113.53 | CH75: 116.65 | CI75: 132.49 | CJ75: 118.5 | CK75: 115.9 | CL75: 133.1 | CM75: 130.6 | CN75: 123.6 | CO75: 141.1 | CP75: 120.2 | CQ75: 114.7 | CR75: 124 | CS75: 116.6 | CT75: 135.9 | CU75: 131.9 | CV75: 112.3 | CW75: 97.6 | CX75: 104 | CY75: 96.8 | CZ75: 134.6 | DA75: 112 | DB75: 110.6 | DC75: 133.9 | DD75: 101.9 | DE75: 113.9 | DF75: 114.9 | DG75: 140.6 | DH75: 111.9 | DI75: 108.9 | DJ75: 128.8 | DK75: 118 | DL75: 126.8 | DM75: 73.73 | DN75: 122.6 | DO75: 124 | DP75: 136.2 | DQ75: 146.8 | DR75: 137.5 | DS75: 121.6 | DT75: 104.8 | DU75: 104.8 | DV75: 129.4 | DW75: 138 | DX75: 121.5 | DY75: 109.8 | DZ75: 121.8
A76: Свиньи | B76: Сельхозпредприятия | C76: ЖАМБЫЛСКАЯ ОБЛАСТЬ | D76: 370.5 | E76: 411.3 | F76: 366.9 | G76: 425.2 | H76: 374 | I76: 422.2 | J76: 427.3 | K76: 436.6 | L76: 333 | M76: 323.3 | N76: 196.4 | O76: 221.8 | P76: 319.8 | Q76: 509.8 | R76: 471.4 | S76: 357.8 | T76: 457.2 | U76: 300.76 | V76: 426.3 | W76: 421.2 | X76: 357.04 | Y76: 229.42 | Z76: 405.7 | AA76: 452.84 | AB76: 319.8 | AC76: 185.8 | AD76: 194.9 | AE76: 341.4 | AF76: 481.6 | AG76: 303.4 | AH76: 374.7 | AI76: 242.9 | AJ76: 630.95 | AK76: 457.8 | AL76: 299.8 | AM76: 322.15 | AN76: 101.56 | AO76: 140.16 | AP76: 88.7 | AQ76: 96.12 | AR76: 110.93 | AS76: 81.73 | AT76: 102.8 | AU76: 11.8 | AV76: 51.2 | AW76: 15.2 | AX76: 4 | AY76: 23.2 | AZ76: 23 | BA76: 11.2 | BB76: 35.3 | BC76: 28.2 | BD76: 118.1 | BE76: 93.7 | BF76: 141.46 | BG76: 113 | BH76: 130.7 | BI76: 118.9 | BJ76: 96.6 | BK76: 87.7 | BL76: 92.9 | BM76: 72.5 | BN76: 97.9 | BO76: 110.5 | BP76: 98.4 | BQ76: 88.9 | BR76: 101 | BS76: 120.4 | BT76: 142.9 | BU76: 85.8 | BV76: 40 | BW76: 39.8 | BX76: 30.2 | BY76: 36 | BZ76: 30.8 | CA76: 47.1 | CB76: 26.6 | CC76: 39.8 | CD76: 33.9 | CE76: 40.2 | CF76: 34.2 | CG76: 119.8 | CH76: 71.8 | CI76: 12.5 | CJ76: 17.7 | CK76: 9.07 | CL76: 78.54 | CM76: 9.8 | DB76: - | DC76: - | DD76: - | DE76: - | DF76: - | DG76: - | DH76: - | DI76: - | DJ76: - | DK76: - | DL76: - | DM76: - | DN76: - | DO76: - | DP76: - | DQ76: - | DR76: - | DS76: - | DT76: - | DU76: - | DV76: - | DW76: - | DX76: - | DY76: - | DZ76: -
A77: Свиньи | B77: Сельхозпредприятия | C77: КАРАГАНДИНСКАЯ ОБЛАСТЬ | D77: 596.9 | E77: 672.3 | F77: 748.5 | G77: 865.9 | H77: 813.89 | I77: 778.5 | J77: 765.5 | K77: 778.39 | L77: 857.73 | M77: 669.33 | N77: 478.95 | O77: 731.67 | P77: 837.7 | Q77: 756.2 | R77: 675.63 | S77: 587.16 | T77: 499.1 | U77: 600.74 | V77: 677.6 | W77: 743.11 | X77: 701 | Y77: 615.6 | Z77: 651.15 | AA77: 580.11 | AB77: 837.7 | AC77: 706.47 | AD77: 679.48 | AE77: 695.3 | AF77: 705.44 | AG77: 697.73 | AH77: 709.66 | AI77: 777.92 | AJ77: 686.4 | AK77: 803.65 | AL77: 714.32 | AM77: 818.35 | AN77: 696.06 | AO77: 646.54 | AP77: 855.29 | AQ77: 754.17 | AR77: 663.4 | AS77: 830.72 | AT77: 545.46 | AU77: 710.58 | AV77: 720.05 | AW77: 761.6 | AX77: 646.09 | AY77: 641.41 | AZ77: 725.32 | BA77: 583.24 | BB77: 831.7 | BC77: 764.29 | BD77: 649.97 | BE77: 641.7 | BF77: 612.42 | BG77: 732.86 | BH77: 736.32 | BI77: 683.25 | BJ77: 582.8 | BK77: 957.85 | BL77: 586.28 | BM77: 656.19 | BN77: 738.89 | BO77: 713.11 | BP77: 694.81 | BQ77: 596.9 | BR77: 690.36 | BS77: 703.8 | BT77: 765.7 | BU77: 683.99 | BV77: 591.52 | BW77: 825.32 | BX77: 628.22 | BY77: 692.75 | BZ77: 729.65 | CA77: 827.79 | CB77: 539.19 | CC77: 633.61 | CD77: 625.6 | CE77: 615.37 | CF77: 633.83 | CG77: 653.23 | CH77: 726.2 | CI77: 810.36 | CJ77: 488.25 | CK77: 443.93 | CL77: 640.46 | CM77: 608.2 | CN77: 616.83 | CO77: 816.58 | CP77: 711.85 | CQ77: 644.16 | CR77: 600.58 | CS77: 733.05 | CT77: 697.36 | CU77: 639.31 | CV77: 539.53 | CW77: 678.8 | CX77: 804.6 | CY77: 507.91 | CZ77: 491.2 | DA77: 593.35 | DB77: 350.9 | DC77: 367.48 | DD77: 370 | DE77: 671.5 | DF77: 472.43 | DG77: 709.56 | DH77: 550.8 | DI77: 636.7 | DJ77: 567.01 | DK77: 623.33 | DL77: 525.16 | DM77: 637.77 | DN77: 620.73 | DO77: 515.59 | DP77: 534.74 | DQ77: 508.64 | DR77: 639.68 | DS77: 573.46 | DT77: 530.27 | DU77: 497.54 | DV77: 729.6 | DW77: 866.03 | DX77: 889.48 | DY77: 899.67 | DZ77: 727.68
A78: Свиньи | B78: Сельхозпредприятия | C78: КОСТАНАЙСКАЯ ОБЛАСТЬ | D78: 107.69 | E78: 254.29 | F78: 192.73 | G78: 359.05 | H78: 162.9 | I78: 93.07 | J78: 291.03 | K78: 125.99 | L78: 161.09 | M78: 177.87 | N78: 101.4 | O78: 108.7 | P78: 196.14 | Q78: 213.27 | R78: 170 | S78: 85.25 | T78: 195.05 | U78: 307.48 | V78: 180.61 | W78: 260.04 | X78: 163.49 | Y78: 155.46 | Z78: 250.6 | AA78: 129.34 | AB78: 196.14 | AC78: 134.33 | AD78: 241.52 | AE78: 140.75 | AF78: 298.03 | AG78: 132.19 | AH78: 92.92 | AI78: 240.33 | AJ78: 211.03 | AK78: 69.44 | AL78: 294.51 | AM78: 199.71 | AN78: 197.6 | AO78: 164.37 | AP78: 98.03 | AQ78: 139.55 | AR78: 94.24 | AS78: 199.2 | AT78: 161.9 | AU78: 195.43 | AV78: 106.64 | AW78: 48.19 | AX78: 102.35 | AY78: 191.97 | AZ78: 178.71 | BA78: 167.99 | BB78: 165.77 | BC78: 135.34 | BD78: 289.48 | BE78: 193.06 | BF78: 280.73 | BG78: 231.6 | BH78: 169.19 | BI78: 60.97 | BJ78: 117.11 | BK78: 114.1 | BL78: 156.13 | BM78: 73.97 | BN78: 76.08 | BO78: 94.73 | BP78: 134 | BQ78: 139.28 | BR78: 97.34 | BS78: 120.93 | BT78: 98.77 | BU78: 90.23 | BV78: 97.29 | BW78: 91.02 | BX78: 36.08 | BY78: 95.43 | BZ78: 121.22 | CA78: 134.26 | CB78: 173.31 | CC78: 68.95 | CD78: 57.16 | CE78: 134.14 | CF78: 80.73 | CG78: 118.03 | CH78: 125.28 | CI78: 110.66 | CJ78: 70.11 | CK78: 144.72 | CL78: 141.97 | CM78: 119.55 | CN78: 54.3 | CO78: 120.25 | CP78: 48.95 | CQ78: 73.2 | CR78: 66 | CS78: 42.08 | CT78: 79.2 | CU78: 98.41 | CV78: 43.19 | CW78: 77.36 | CX78: 78.61 | CY78: 74.76 | CZ78: 82.84 | DA78: 33.46 | DB78: 83.71 | DC78: 65.08 | DD78: 86.19 | DE78: 84.98 | DF78: 49.26 | DG78: 102.39 | DH78: 48.21 | DI78: 70.55 | DJ78: 58.7 | DK78: 40.6 | DL78: 69.88 | DM78: 40.84 | DN78: 54.66 | DO78: 48.43 | DP78: 81.5 | DQ78: 37.05 | DR78: 53.51 | DS78: 68.99 | DT78: 48.06 | DU78: 62.04 | DV78: 82.72 | DW78: 57.97 | DX78: 47.53 | DY78: 59.19 | DZ78: 64.12
A79: Свиньи | B79: Сельхозпредприятия | C79: КЫЗЫЛОРДИНСКАЯ ОБЛАСТЬ | D79: - | E79: - | F79: - | G79: - | H79: - | I79: - | J79: - | K79: - | L79: - | M79: - | N79: - | O79: - | P79: - | Q79: - | R79: - | S79: - | T79: - | U79: - | V79: - | W79: - | X79: - | Y79: - | Z79: - | AA79: - | AB79: - | AC79: - | AD79: - | AE79: - | AF79: - | AG79: - | AH79: - | AI79: - | AJ79: - | AK79: - | AL79: - | AM79: - | AN79: - | AO79: - | AP79: - | AQ79: - | AR79: - | AS79: - | AT79: - | AU79: - | AV79: - | AW79: - | AX79: - | AY79: - | AZ79: - | BA79: - | BB79: - | BC79: - | BD79: - | BE79: - | BF79: - | BG79: - | BH79: - | BI79: - | BJ79: - | BK79: - | BL79: - | BM79: - | BN79: - | BO79: - | BP79: - | BQ79: - | BR79: - | BS79: - | BT79: - | BU79: - | BV79: - | BW79: - | BX79: - | BY79: - | BZ79: - | CA79: - | CB79: - | CC79: - | CD79: - | CE79: - | CF79: - | CG79: - | CH79: - | CI79: - | CJ79: - | CK79: - | CL79: - | CM79: - | CN79: - | CO79: - | CP79: - | CQ79: - | CR79: - | CS79: - | CT79: - | CU79: - | CV79: - | CW79: - | CX79: - | CY79: - | CZ79: - | DA79: - | DB79: - | DC79: - | DD79: - | DE79: - | DF79: - | DG79: - | DH79: - | DI79: - | DJ79: - | DK79: - | DL79: - | DM79: - | DN79: - | DO79: - | DP79: - | DQ79: - | DR79: - | DS79: - | DT79: - | DU79: - | DV79: - | DW79: - | DX79: - | DY79: - | DZ79: -
A80: Свиньи | B80: Сельхозпредприятия | C80: МАНГИСТАУСКАЯ ОБЛАСТЬ
A81: Свиньи | B81: Сельхозпредприятия | C81: ЮЖНО-КАЗАХСТАНСКАЯ ОБЛАСТЬ | D81: 28.65 | E81: 44.28 | F81: 34.6 | G81: 168.1 | H81: 252.7 | I81: 31.5 | J81: 50.5 | K81: 67 | L81: 65.37 | M81: 52.3 | N81: 58.8 | O81: 4.9 | P81: 19.5 | Q81: 98.7 | R81: 38.35 | S81: 84.86 | T81: 11.7 | U81: 86.3 | V81: 68.7 | W81: 19.3 | X81: 26.19 | Y81: 113.37 | Z81: 92 | AA81: 93.89 | AB81: 19.5 | AC81: 38.7 | AD81: 31.3 | AE81: 28.88 | AF81: 15.69 | AG81: 81.63 | AH81: 40.92 | AI81: 43.1 | AJ81: 35.4 | AK81: 37.6 | AL81: 67.3 | AM81: 53.3 | AN81: 10.6 | AO81: 88.13 | AP81: 48.9 | AQ81: 71.9 | AR81: 40.83 | AS81: - | AT81: - | AU81: - | AV81: - | AW81: - | AX81: - | AY81: - | AZ81: - | BA81: - | BB81: - | BC81: - | BD81: - | BE81: - | BF81: - | BG81: - | BH81: - | BI81: - | BJ81: - | BK81: - | BL81: - | BM81: - | BN81: - | BO81: - | BP81: - | BQ81: - | BR81: - | BS81: - | BT81: - | BU81: - | BV81: - | BW81: - | BX81: - | BY81: - | BZ81: - | CA81: - | CB81: - | CC81: - | CD81: - | CE81: - | CF81: - | CG81: - | CH81: - | CI81: - | CJ81: - | CK81: - | CL81: - | CM81: - | CN81: - | CO81: - | CP81: - | CQ81: - | CR81: - | CS81: - | CT81: - | CU81: - | CV81: - | CW81: - | CX81: - | CY81: - | CZ81: - | DA81: - | DB81: - | DC81: - | DD81: - | DE81: - | DF81: - | DG81: - | DH81: - | DI81: - | DJ81: - | DK81: - | DL81: - | DM81: - | DN81: - | DO81: - | DP81: - | DQ81: - | DR81: - | DS81: - | DT81: - | DU81: - | DV81: - | DW81: - | DX81: - | DY81: - | DZ81: -
A82: Свиньи | B82: Сельхозпредприятия | C82: ПАВЛОДАРСКАЯ ОБЛАСТЬ | D82: 670.9 | E82: 731.41 | F82: 733.24 | G82: 445.25 | H82: 647.8 | I82: 549.3 | J82: 343.2 | K82: 299.75 | L82: 297.4 | M82: 299.95 | N82: 375.73 | O82: 539.29 | P82: 409.7 | Q82: 379.24 | R82: 380.1 | S82: 418.52 | T82: 439.14 | U82: 583.89 | V82: 686.38 | W82: 641.4 | X82: 654.3 | Y82: 722 | Z82: 790.56 | AA82: 786.04 | AB82: 409.7 | AC82: 770.58 | AD82: 787.6 | AE82: 773.69 | AF82: 783.15 | AG82: 775.63 | AH82: 771.84 | AI82: 785.14 | AJ82: 804 | AK82: 928.33 | AL82: 1318.07 | AM82: 1321.94 | AN82: 676.74 | AO82: 777.79 | AP82: 955.37 | AQ82: 942.97 | AR82: 940.1 | AS82: 937 | AT82: 814.14 | AU82: 821.41 | AV82: 858.69 | AW82: 1026.81 | AX82: 1141.4 | AY82: 1148.73 | AZ82: 975.15 | BA82: 925.8 | BB82: 987.79 | BC82: 1033.35 | BD82: 887.71 | BE82: 915.72 | BF82: 815.11 | BG82: 806.42 | BH82: 837.15 | BI82: 903.35 | BJ82: 923.92 | BK82: 1023.48 | BL82: 891.7 | BM82: 1018.11 | BN82: 1049.6 | BO82: 1065.58 | BP82: 1037.05 | BQ82: 903.62 | BR82: 707.56 | BS82: 842.98 | BT82: 987.5 | BU82: 919.2 | BV82: 883 | BW82: 1124.52 | BX82: 914.45 | BY82: 990.25 | BZ82: 1029.75 | CA82: 1046.83 | CB82: 1075.26 | CC82: 1108.96 | CD82: 1008.49 | CE82: 1053.27 | CF82: 1094.2 | CG82: 1061.39 | CH82: 1141.1 | CI82: 1009.01 | CJ82: 1027.64 | CK82: 1135.14 | CL82: 1103.24 | CM82: 1117.38 | CN82: 1094.18 | CO82: 1122.05 | CP82: 1168.9 | CQ82: 1062.74 | CR82: 1305.7 | CS82: 1259.87 | CT82: 1306.62 | CU82: 1084.73 | CV82: 1116.92 | CW82: 1187.08 | CX82: 1164.62 | CY82: 1608.12 | CZ82: 1503.06 | DA82: 1238.7 | DB82: 1745.71 | DC82: 1746.1 | DD82: 1619.8 | DE82: 1628.57 | DF82: 1582.16 | DG82: 1624.32 | DH82: 1521.33 | DI82: 1154.47 | DJ82: 1331.62 | DK82: 1712.3 | DL82: 1546.8 | DM82: 1431.07 | DN82: 1326.17 | DO82: 1430.12 | DP82: 1456.88 | DQ82: 1631.14 | DR82: 1472.4 | DS82: 1510.16 | DT82: 1110.05 | DU82: 1147.94 | DV82: 1773.47 | DW82: 1369.22 | DX82: 1378.58 | DY82: 1453.38 | DZ82: 1401.88
A83: Свиньи | B83: Сельхозпредприятия | C83: СЕВЕРО-КАЗАХСТАНСКАЯ ОБЛАСТЬ | D83: 273.97 | E83: 63.91 | F83: 589.75 | G83: 227.47 | H83: 104.54 | I83: 30.15 | J83: 18.16 | K83: 15.44 | L83: 102.27 | M83: 64.42 | N83: 29.63 | O83: 37.17 | P83: 15.45 | Q83: 22.88 | R83: 31.65 | S83: 25.83 | T83: 18.64 | U83: 14.73 | V83: 22.44 | W83: 14.02 | X83: 15.72 | Y83: 61.54 | Z83: 4.98 | AA83: 12.72 | AB83: 15.27 | AC83: 9.39 | AD83: 16.4 | AE83: 7.26 | AF83: 13.19 | AG83: 14.15 | AH83: 18.1 | AI83: 6.3 | AJ83: 13.55 | AK83: 14.96 | AL83: 3.55 | AM83: 3.01 | AN83: 9.86 | AO83: 3 | AP83: 1.53 | AQ83: 9.1 | AR83: 3.1 | AS83: 5.05 | AT83: 9.45 | AU83: 13 | AV83: 7.43 | AW83: 27.94 | AX83: 1.84 | AY83: 22.53 | AZ83: 9.32 | BA83: 3.74 | BB83: 4.98 | BC83: 81.38 | BD83: 83.83 | BE83: 8.99 | BF83: 436.91 | BG83: 349.44 | BH83: 234.41 | BI83: 490.33 | BJ83: 415.54 | BK83: 419.4 | BL83: 402.72 | BM83: 348.63 | BN83: 439.75 | BO83: 394.6 | BP83: 410.39 | BQ83: 509.53 | BR83: 494.4 | BS83: 420.23 | BT83: 455.61 | BU83: 427.56 | BV83: 465.91 | BW83: 399.83 | BX83: 1162.15 | BY83: 309.16 | BZ83: 467.59 | CA83: 320.94 | CB83: 314.95 | CC83: 600.04 | CD83: 450.96 | CE83: 464.92 | CF83: 331.1 | CG83: 286.83 | CH83: 639.27 | CI83: 528.33 | CJ83: 1157.68 | CK83: 541.79 | CL83: 761.75 | CM83: 727.12 | CN83: 896.59 | CO83: 921.15 | CP83: 968.67 | CQ83: 933.33 | CR83: 1162.79 | CS83: 1111.65 | CT83: 973.81 | CU83: 1138.69 | CV83: 1221.3 | CW83: 823.53 | CX83: 1222.7 | CY83: 1022.39 | CZ83: 1116.96 | DA83: 1190.19 | DB83: 824.89 | DC83: 968.9 | DD83: 928.5 | DE83: 1083.2 | DF83: 883.95 | DG83: 1090.55 | DH83: 1144.72 | DI83: 1080.44 | DJ83: 922.12 | DK83: 1051.26 | DL83: 802.8 | DM83: 1767.05 | DN83: 688.36 | DO83: 818.77 | DP83: 741.54 | DQ83: 670.57 | DR83: 734.43 | DS83: 1294 | DT83: 1182.97 | DU83: 1190.24 | DV83: 1270.8 | DW83: 1455.75 | DX83: 1236.07 | DY83: 1296.53 | DZ83: 1691.25
A84: Свиньи | B84: Сельхозпредприятия | C84: ВОСТОЧНО-КАЗАХСТАНСКАЯ ОБЛАСТЬ | D84: 24.09 | E84: 29.67 | F84: 29.79 | G84: 35.83 | H84: 35.98 | I84: 52.76 | J84: 35.4 | K84: 23.25 | L84: 32.14 | M84: 36.6 | N84: 33.5 | O84: 53.44 | P84: 34.1 | Q84: 60.2 | R84: 55.8 | S84: 67.1 | T84: 90.82 | U84: 85.33 | V84: 77.68 | W84: 47.26 | X84: 52.01 | Y84: 19.94 | Z84: 64.22 | AA84: 61.68 | AB84: 34.1 | AC84: 66.85 | AD84: 59.93 | AE84: 38.69 | AF84: 72.31 | AG84: 67.8 | AH84: 34.98 | AI84: 70.17 | AJ84: 31.04 | AK84: 67.77 | AL84: 72.94 | AM84: 90.42 | AN84: 57.09 | AO84: 63.9 | AP84: 78.53 | AQ84: 83.38 | AR84: 97.19 | AS84: 90.08 | AT84: 82.18 | AU84: 85.44 | AV84: 80.72 | AW84: 96 | AX84: 95.5 | AY84: 112.13 | AZ84: 83.71 | BA84: 109.04 | BB84: 101.56 | BC84: 132.98 | BD84: 125.2 | BE84: 137 | BF84: 66 | BG84: 132.6 | BH84: 126.8 | BI84: 130.5 | BJ84: 129.7 | BK84: 160.6 | BL84: 62.5 | BM84: 102.6 | BN84: 146 | BO84: 126.1 | BP84: 134.7 | BQ84: 97.6 | BR84: 112.25 | BS84: 123.81 | BT84: 126.67 | BU84: 125.08 | BV84: 109.53 | BW84: 182 | BX84: 83.5 | BY84: 96.18 | BZ84: 131.8 | CA84: 144.89 | CB84: 125.94 | CC84: 63.52 | CD84: 113.44 | CE84: 125.74 | CF84: 130.12 | CG84: 140.5 | CH84: 155 | CI84: 177.6 | CJ84: 127.2 | CK84: 141.6 | CL84: 138.1 | CM84: 125.88 | CN84: 113.39 | CO84: 140.42 | CP84: 125.45 | CQ84: 143.96 | CR84: 121.54 | CS84: 115.43 | CT84: 114.16 | CU84: 147.35 | CV84: 100.24 | CW84: 108.23 | CX84: 127.31 | CY84: 129.08 | CZ84: 147.72 | DA84: 128.12 | DB84: 123.85 | DC84: 114.14 | DD84: 99.18 | DE84: 93.88 | DF84: 131.23 | DG84: 166.06 | DH84: 145.3 | DI84: 139.95 | DJ84: 151.08 | DK84: 168.74 | DL84: 161.3 | DM84: 139.41 | DN84: 162.44 | DO84: 136.47 | DP84: 138.19 | DQ84: 142.93 | DR84: 121.5 | DS84: 145.41 | DT84: 153.99 | DU84: 95.84 | DV84: 101.65 | DW84: 128.11 | DX84: 134.2 | DY84: 110.97 | DZ84: 117.94
A85: Свиньи | B85: Сельхозпредприятия | C85: ГАСТАНА
A86: Свиньи | B86: Сельхозпредприятия | C86: ГАЛМАТЫ | D86: - | E86: - | F86: - | G86: - | H86: - | I86: - | J86: - | K86: - | L86: - | M86: - | N86: - | O86: - | P86: - | Q86: - | R86: - | S86: - | T86: - | U86: - | V86: - | W86: - | X86: 1.98 | Y86: - | Z86: - | AA86: - | AB86: - | AC86: - | AD86: - | AE86: - | AF86: - | AG86: - | AH86: - | AI86: - | AJ86: - | AK86: - | AL86: - | AM86: - | AN86: - | AO86: 1.6 | AP86: 0.32 | AQ86: 0.49 | AR86: 1.44 | AS86: - | AT86: 1.44 | AU86: - | AV86: 0.95 | AW86: 1.1 | AX86: - | AY86: - | AZ86: - | BA86: - | BB86: - | BC86: 3 | BD86: 0.3 | BE86: 3.3 | BF86: 1.8 | BG86: - | BH86: - | BI86: - | BJ86: - | BK86: - | BL86: - | BM86: - | BN86: - | BO86: - | BP86: 2.73 | BQ86: - | BR86: - | BS86: - | BT86: 2.03 | BU86: - | BV86: - | BW86: 2.84 | BX86: - | BY86: - | BZ86: - | CA86: 4.32 | CB86: 2.38 | CC86: 1.47 | CD86: - | CE86: - | CF86: - | CG86: - | CH86: - | CI86: - | CJ86: - | CK86: - | CL86: 0.52 | CM86: - | CN86: - | CO86: 2.83 | CQ86: 1.7 | CR86: - | CS86: 4.4 | CT86: - | CU86: - | CV86: - | CW86: - | CX86: - | CY86: - | CZ86: - | DA86: - | DB86: - | DC86: - | DD86: - | DE86: - | DF86: - | DG86: - | DH86: - | DI86: - | DJ86: - | DK86: - | DL86: - | DM86: - | DN86: - | DO86: - | DP86: - | DQ86: - | DR86: - | DS86: - | DT86: - | DU86: - | DV86: - | DW86: - | DX86: - | DY86: - | DZ86: -
A87: Свиньи | B87: Сельхозпредприятия | C87: ГШЫМКЕНТ | D87: - | E87: - | F87: - | G87: - | H87: - | I87: - | J87: - | K87: - | L87: - | M87: - | N87: - | O87: - | P87: - | Q87: - | R87: - | S87: - | T87: - | U87: - | V87: - | W87: - | X87: - | Y87: - | Z87: - | AA87: - | AB87: - | AC87: - | AD87: - | AE87: - | AF87: - | AG87: - | AH87: - | AI87: - | AJ87: - | AK87: - | AL87: - | AM87: - | AN87: - | AO87: - | AP87: - | AQ87: - | AR87: - | AS87: - | AT87: - | AU87: - | AV87: - | AW87: - | AX87: - | AY87: 0.51 | AZ87: 0.11 | BA87: 0.32 | BB87: 0.29 | BC87: 0.29 | BH87: 0.57 | BJ87: - | BK87: 0.36 | BL87: 1.19 | BM87: - | BN87: 1.13 | BO87: - | BP87: - | BQ87: - | BR87: - | BS87: - | BT87: - | BU87: 0.62 | BV87: - | BW87: - | BX87: - | BY87: - | BZ87: - | CA87: - | CB87: - | CC87: - | CD87: - | CE87: - | CF87: - | CG87: - | CH87: - | CI87: - | CJ87: - | CK87: - | CL87: - | CM87: - | CN87: - | CO87: - | CP87: - | CQ87: - | CR87: - | CS87: - | CT87: - | CU87: - | CV87: - | CW87: - | CX87: - | CY87: - | CZ87: - | DA87: - | DB87: - | DC87: - | DD87: - | DE87: - | DF87: - | DG87: - | DH87: - | DI87: - | DJ87: - | DK87: - | DL87: - | DM87: - | DN87: - | DO87: - | DP87: - | DQ87: - | DR87: - | DS87: - | DT87: - | DU87: - | DV87: - | DW87: - | DX87: - | DY87: - | DZ87: -
A88: Свиньи | B88: Сельхозпредприятия | C88: ТУРКЕСТАНСКАЯ ОБЛАСТЬ | D88: - | E88: - | F88: - | G88: - | H88: - | I88: - | J88: - | K88: - | L88: - | M88: - | N88: - | O88: - | P88: - | Q88: - | R88: - | S88: - | T88: - | U88: - | V88: - | W88: - | X88: - | Y88: - | Z88: - | AA88: - | AB88: - | AC88: - | AD88: - | AE88: - | AF88: - | AG88: - | AH88: - | AI88: - | AJ88: - | AK88: - | AL88: - | AM88: - | AN88: - | AO88: - | AP88: - | AQ88: - | AR88: - | AS88: 38.9 | AT88: 133.2 | AU88: 1.47 | BI88: - | BJ88: - | BK88: - | BL88: - | BM88: - | BN88: - | BO88: - | BP88: - | BQ88: - | BR88: - | BS88: - | BT88: - | BU88: - | BV88: - | BW88: - | BX88: - | BY88: - | BZ88: - | CA88: - | CB88: - | CC88: - | CD88: - | CE88: - | CF88: - | CG88: - | CH88: - | CI88: - | CJ88: - | CK88: - | CL88: - | CM88: - | CN88: - | CO88: - | CP88: - | CQ88: - | CR88: - | CS88: - | CT88: - | CU88: - | CV88: - | CW88: - | CX88: - | CY88: - | CZ88: - | DA88: - | DB88: - | DC88: - | DD88: - | DE88: - | DF88: - | DG88: - | DH88: - | DI88: - | DJ88: - | DK88: - | DL88: - | DM88: - | DN88: - | DO88: - | DP88: - | DQ88: - | DR88: - | DS88: - | DT88: - | DU88: - | DV88: - | DW88: - | DX88: - | DY88: - | DZ88: -
A89: Свиньи | B89: Сельхозпредприятия | C89: ОБЛАСТЬ ЖЕТІСУ | D89: - | E89: - | F89: - | G89: - | H89: - | I89: - | J89: - | K89: - | L89: - | M89: - | N89: - | O89: - | P89: - | Q89: - | R89: - | S89: - | T89: - | U89: - | V89: - | W89: - | X89: - | Y89: - | Z89: - | AA89: - | AB89: - | AC89: - | AD89: - | AE89: - | AF89: - | AG89: - | AH89: - | AI89: - | AJ89: - | AK89: - | AL89: - | AM89: - | AN89: - | AO89: - | AP89: - | AQ89: - | AR89: - | AS89: - | AT89: - | AU89: - | AV89: - | AW89: - | AX89: - | AY89: - | AZ89: - | BA89: - | BB89: - | BC89: - | BD89: - | BE89: - | BF89: - | BG89: - | BH89: - | BI89: - | BJ89: - | BK89: - | BL89: - | BM89: - | BN89: - | BO89: - | BP89: - | BQ89: - | BR89: - | BS89: - | BT89: - | BU89: - | BV89: - | BW89: - | BX89: - | BY89: - | BZ89: - | CA89: - | CB89: - | CC89: - | CD89: - | CE89: - | CF89: - | CG89: - | CH89: - | CI89: - | CJ89: - | CK89: - | CL89: - | CM89: - | CN89: - | CO89: 8.52 | CP89: - | CQ89: - | CR89: - | CS89: - | CT89: - | CU89: - | CV89: - | CW89: - | CX89: - | CY89: 15.23 | CZ89: 60.64 | DA89: 66.01 | DB89: 21.52 | DC89: 27.34 | DD89: 13.21 | DE89: 55.3 | DF89: 146.58 | DG89: 179.93 | DH89: 117.11 | DI89: 151.41 | DJ89: 167.32 | DK89: 153.32 | DL89: 105.43 | DM89: 88.12 | DN89: 106.28 | DO89: 78.68 | DP89: 114.62 | DQ89: 100.1 | DR89: 95.3 | DS89: 133.8 | DT89: 117.33 | DU89: 107.3 | DV89: 142.84 | DW89: 111.31 | DX89: 109.53 | DY89: 81.66 | DZ89: 124.89
A90: Свиньи | B90: Сельхозпредприятия | C90: ОБЛАСТЬ ҰЛЫТАУ
A91: Свиньи | B91: Сельхозпредприятия | C91: ОБЛАСТЬ АБАЙ | D91: - | E91: - | F91: - | G91: - | H91: - | I91: - | J91: - | K91: - | L91: - | M91: - | N91: - | O91: - | P91: - | Q91: - | R91: - | S91: - | T91: - | U91: - | V91: - | W91: - | X91: - | Y91: - | Z91: - | AA91: - | AB91: - | AC91: - | AD91: - | AE91: - | AF91: - | AG91: - | AH91: - | AI91: - | AJ91: - | AK91: - | AL91: - | AM91: - | AN91: - | AO91: - | AP91: - | AQ91: - | AR91: - | AS91: - | AT91: - | AU91: - | AV91: - | AW91: - | AX91: - | AY91: - | AZ91: - | BA91: - | BB91: - | BC91: - | BD91: - | BE91: - | BF91: - | BG91: - | BH91: - | BI91: - | BJ91: - | BK91: - | BL91: - | BM91: - | BN91: - | BO91: - | BP91: - | BQ91: - | BR91: - | BS91: - | BT91: - | BU91: - | BV91: - | BW91: - | BX91: - | BY91: - | BZ91: - | CA91: - | CB91: - | CC91: - | CD91: - | CE91: - | CF91: - | CG91: - | CH91: - | CI91: - | CJ91: - | CK91: - | CL91: - | CM91: - | CN91: - | CO91: - | CP91: - | CQ91: - | CR91: - | CS91: - | CT91: - | CU91: - | CV91: - | CW91: - | CX91: - | CY91: - | CZ91: - | DA91: - | DB91: - | DC91: - | DD91: - | DE91: - | DF91: - | DG91: - | DH91: - | DI91: - | DJ91: - | DK91: - | DL91: - | DM91: - | DN91: - | DO91: - | DP91: - | DQ91: - | DR91: - | DS91: - | DT91: - | DU91: - | DV91: - | DW91: - | DX91: - | DY91: - | DZ91: -
A92: Свиньи | B92: Крестьянские или фермерские хозяйства | C92: РЕСПУБЛИКА КАЗАХСТАН | D92: 452.98 | E92: 556.07 | F92: 768.91 | G92: 708.53 | H92: 795.35 | I92: 871.63 | J92: 732.33 | K92: 468.63 | L92: 623.07 | M92: 546.45 | N92: 871.73 | O92: 1537.28 | P92: 686.51 | Q92: 665.11 | R92: 771.75 | S92: 684.81 | T92: 626.46 | U92: 1106.04 | V92: 993.1 | W92: 662.82 | X92: 1055.28 | Y92: 857.4 | Z92: 1093.27 | AA92: 1281.2 | AB92: 705.49 | AC92: 934.39 | AD92: 1055.87 | AE92: 864.22 | AF92: 764.7 | AG92: 1085.43 | AH92: 936.79 | AI92: 819.99 | AJ92: 963.29 | AK92: 929.22 | AL92: 1332.98 | AM92: 1243.25 | AN92: 533.33 | AO92: 907.49 | AP92: 1165.36 | AQ92: 918.05 | AR92: 725.89 | AS92: 1170.05 | AT92: 924.51 | AU92: 764.53 | AV92: 977.88 | AW92: 759.56 | AX92: 1282.92 | AY92: 921.78 | AZ92: 502.3 | BA92: 879.81 | BB92: 980.93 | BC92: 828.1 | BD92: 668.08 | BE92: 986.07 | BF92: 787.64 | BG92: 688.67 | BH92: 872.94 | BI92: 595.18 | BJ92: 934.19 | BK92: 879.58 | BL92: 479.19 | BM92: 759.4 | BN92: 903.49 | BO92: 734.15 | BP92: 609.13 | BQ92: 902.73 | BR92: 662.32 | BS92: 575.2 | BT92: 850.5 | BU92: 564.5 | BV92: 756.2 | BW92: 857 | BX92: 482.1 | BY92: 636.4 | BZ92: 814.6 | CA92: 717.9 | CB92: 523.5 | CC92: 729.6 | CD92: 654 | CE92: 589.2 | CF92: 799.9 | CG92: 587.5 | CH92: 746.4 | CI92: 750.1 | CJ92: 514.2 | CK92: 701.5 | CL92: 856.4 | CM92: 707 | CN92: 623.9 | CO92: 763.9 | CP92: 734.4 | CQ92: 639.9 | CR92: 835.2 | CS92: 845.2 | CT92: 693.1 | CU92: 867.4 | CV92: 561.6 | CW92: 788.21 | CX92: 799.54 | CY92: 278.01 | CZ92: 299.21 | DA92: 581.37 | DB92: 284.71 | DC92: 330.38 | DD92: 729.51 | DE92: 524.39 | DF92: 403.42 | DG92: 529.75 | DH92: 169.3 | DI92: 507.4 | DJ92: 402 | DK92: 247.7 | DL92: 200 | DM92: 276.2 | DN92: 268.7 | DO92: 331.6 | DP92: 537.5 | DQ92: 437.2 | DR92: 268.9 | DS92: 416.5 | DT92: 166.3 | DU92: 282.3 | DV92: 507.1 | DW92: 212.4 | DX92: 219.3 | DY92: 381.8 | DZ92: 122.8
A93: Свиньи | B93: Крестьянские или фермерские хозяйства | C93: АКМОЛИНСКАЯ ОБЛАСТЬ | D93: 12.26 | E93: 11.78 | F93: 23.18 | G93: 44.75 | H93: 44.31 | I93: 111.57 | J93: 110.17 | K93: 17.22 | L93: 32.63 | M93: 24.42 | N93: 88.63 | O93: 104.05 | P93: 14.55 | Q93: 22.24 | R93: 39.41 | S93: 49.28 | T93: 47.84 | U93: 113.46 | V93: 94.05 | W93: 21.01 | X93: 61.46 | Y93: 39.23 | Z93: 86.9 | AA93: 171.41 | AB93: 15.69 | AC93: 81.43 | AD93: 41.72 | AE93: 48.64 | AF93: 44.26 | AG93: 105.28 | AH93: 116.44 | AI93: 25 | AJ93: 51.98 | AK93: 36.32 | AL93: 107.92 | AM93: 172.93 | AN93: 15.51 | AO93: 78 | AP93: 109.05 | AQ93: 46.94 | AR93: 45.04 | AS93: 103.35 | AT93: 111.77 | AU93: 23.18 | AV93: 103.55 | AW93: 40.85 | AX93: 87.03 | AY93: 157.39 | AZ93: 48.46 | BA93: 70.72 | BB93: 106.58 | BC93: 75.73 | BD93: 47.67 | BE93: 105.44 | BF93: 111.13 | BG93: 27.13 | BH93: 92.03 | BI93: 42.17 | BJ93: 91.87 | BK93: 170.19 | BL93: 50.7 | BM93: 71.2 | BN93: 110.7 | BO93: 77.1 | BP93: 45.6 | BQ93: 111.5 | BR93: 113.7 | BS93: 27.7 | BT93: 81.2 | BU93: 42.6 | BV93: 92.8 | BW93: 170.5 | BX93: 50.9 | BY93: 76.8 | BZ93: 113.4 | CA93: 78.3 | CB93: 45.4 | CC93: 114.9 | CD93: 114 | CE93: 24 | CF93: 82.4 | CG93: 42.3 | CH93: 92.8 | CI93: 72 | CJ93: 46.4 | CK93: 74.1 | CL93: 111.1 | CM93: 79 | CN93: 45.8 | CO93: 91.4 | CP93: 90.1 | CQ93: 20.8 | CR93: 77.2 | CS93: 38.9 | CT93: 88.4 | CU93: 42.3 | CV93: 184.56 | CW93: 333.7 | CX93: 285.39 | CY93: 15.31 | CZ93: 20.9 | DA93: 272.42 | DB93: 22.72 | DC93: 34.57 | DD93: 240.91 | DE93: 99.98 | DF93: 74.69 | DG93: 24.78 | DH93: 9.7 | DI93: 162.3 | DJ93: 72.7 | DK93: 10.8 | DL93: 8.2 | DM93: 14.5 | DN93: 14.3 | DO93: 19.9 | DP93: 12.8 | DQ93: 17.5 | DR93: 13.9 | DS93: 24.1 | DT93: 9 | DU93: 11.8 | DV93: 16.7 | DW93: 17.1 | DX93: 20.1 | DY93: 24.4 | DZ93: 14.6
A94: Свиньи | B94: Крестьянские или фермерские хозяйства | C94: АКТЮБИНСКАЯ ОБЛАСТЬ | D94: - | E94: 6.48 | F94: 3.84 | G94: 11.25 | H94: 7 | I94: 20.9 | J94: 13.99 | K94: 2.7 | L94: 1.5 | M94: 8.9 | O94: 8.94 | P94: - | Q94: 7 | R94: 0.32 | S94: 11.25 | T94: 7.1 | U94: 18 | V94: 0.42 | W94: 2.5 | X94: 1.5 | Y94: 7.3 | AA94: 1.02 | AC94: 22.5 | AE94: 11.25 | AF94: 7.1 | AG94: 18.79 | AH94: 0.42 | AI94: 2.5 | AJ94: 2.5 | AK94: 7.3 | AM94: 0.84 | AN94: 1.15 | AO94: 23.1 | AQ94: 11.55 | AR94: 7.3 | AS94: 19.9 | AT94: 0.42 | AU94: 2.7 | AV94: 2.7 | AW94: 7.3 | AX94: 3 | AY94: 1.84 | AZ94: 1.2 | BA94: 23.26 | BC94: 11.7 | BD94: 7.4 | BE94: 20.17 | BF94: 0.42 | BI94: 2.52 | BJ94: 3 | BK94: 1.84 | BL94: 1.2 | BM94: 23.3 | BO94: 12.2 | BP94: 7.7 | BQ94: 21.1 | BR94: 0.4 | BU94: 0.4 | BV94: 3 | BW94: 1.8 | BX94: 1.2 | BY94: 19.6 | CA94: 1.2 | CB94: 2.2 | CC94: 2.5 | CH94: 3 | CI94: 1.2 | CJ94: 1.5 | CK94: 19.7 | CM94: 1.2 | CN94: 2.2 | CO94: 2.5 | CT94: 3 | CU94: 1.2 | CV94: 0.85 | CW94: 20.14 | CY94: 1.14 | CZ94: 2.18 | DA94: 3.71 | DD94: - | DE94: - | DF94: 1.69 | DG94: 0.68 | DH94: 0.9 | DI94: 19.9 | DJ94: - | DK94: 1.2 | DL94: 2.2 | DM94: 3.7 | DN94: - | DO94: - | DP94: - | DQ94: - | DR94: 1.7 | DS94: 0.7 | DT94: 0.7 | DU94: 17.4 | DW94: 1.2 | DX94: 2.3 | DY94: 3.7 | DZ94: -
A95: Свиньи | B95: Крестьянские или фермерские хозяйства | C95: АЛМАТИНСКАЯ ОБЛАСТЬ | D95: 42.4 | E95: 92.1 | F95: 186.8 | G95: 68.8 | H95: 100.3 | I95: 114.7 | J95: 103.5 | K95: 107.8 | L95: 92.7 | M95: 122.3 | N95: 113.6 | O95: 152.76 | P95: 167.23 | Q95: 238.44 | R95: 190.8 | S95: 214.81 | T95: 164.03 | U95: 197.98 | V95: 107.83 | W95: 223.77 | X95: 222.59 | Y95: 122.41 | Z95: 197.17 | AA95: 215.56 | AB95: 179.43 | AC95: 184.64 | AD95: 353.48 | AE95: 237.3 | AF95: 171.83 | AG95: 203.58 | AH95: 122.8 | AI95: 241.3 | AJ95: 262.92 | AK95: 193.4 | AL95: 290.71 | AM95: 258.36 | AN95: 107.3 | AO95: 184.6 | AP95: 356.18 | AQ95: 237.3 | AR95: 167.6 | AS95: 193.24 | AT95: 129.7 | AU95: 249.4 | AV95: 217.23 | AW95: 124.7 | AX95: 346.11 | AY95: 276.76 | AZ95: 92.86 | BA95: 159.59 | BB95: 287.51 | BC95: 231.93 | BD95: 155.19 | BE95: 205.04 | BF95: 112.05 | BG95: 251.17 | BH95: 228.55 | BI95: 124.38 | BJ95: 158.33 | BK95: 197.91 | BL95: 76.9 | BM95: 129.7 | BN95: 249.1 | BO95: 190.1 | BP95: 144.8 | BQ95: 177.3 | BR95: 100.5 | BS95: 219.1 | BT95: 199.4 | BU95: 91.8 | BV95: 97 | BW95: 164.1 | BX95: 85.3 | BY95: 116.6 | BZ95: 231.7 | CA95: 173 | CB95: 125.5 | CC95: 140.6 | CD95: 123.6 | CE95: 256.1 | CF95: 239.2 | CG95: 126.5 | CH95: 85.4 | CI95: 226 | CJ95: 115.5 | CK95: 185 | CL95: 275.5 | CM95: 161 | CN95: 184.5 | CO95: 130.9 | CP95: 191.1 | CQ95: 390.1 | CR95: 367.4 | CS95: 298.3 | CT95: 6.7 | CU95: 291.4 | CV95: 83.88 | CW95: 102.84 | CX95: 64.57 | CY95: 88.91 | CZ95: 137.33 | DA95: 67.65 | DB95: 89.12 | DC95: 187.99 | DD95: 303.55 | DE95: 249.85 | DF95: 3.5 | DG95: 136.14 | DH95: 36.6 | DI95: 94.5 | DJ95: 24.9 | DK95: 79.9 | DL95: 48.8 | DM95: 35.9 | DN95: 89.1 | DO95: 188 | DP95: 303.5 | DQ95: 249.8 | DR95: 3.4 | DS95: 136.4 | DT95: 38.4 | DU95: 39.4 | DV95: 144.6 | DW95: 22 | DX95: 11.8 | DY95: 35.9 | DZ95: 14.9
A96: Свиньи | B96: Крестьянские или фермерские хозяйства | C96: АТЫРАУСКАЯ ОБЛАСТЬ | D96: - | E96: - | F96: 0.8 | G96: - | H96: - | I96: 1.5 | J96: 0.7 | K96: - | L96: - | M96: - | N96: - | O96: 7.1 | P96: - | Q96: - | R96: - | S96: - | T96: - | U96: - | V96: - | W96: - | X96: - | Y96: - | Z96: - | AA96: 7.3 | AB96: - | AC96: 0.9 | AD96: 2.7 | AE96: - | AF96: - | AG96: - | AH96: - | AI96: - | AJ96: - | AK96: - | AL96: - | AM96: 4.3 | AN96: - | AO96: - | AP96: - | AQ96: - | AR96: - | AS96: - | AT96: - | AU96: - | AV96: - | AW96: - | AX96: - | AY96: 1.47 | AZ96: - | BA96: - | BB96: - | BC96: - | BD96: - | BE96: - | BF96: - | BG96: - | BH96: - | BI96: - | BJ96: - | BK96: - | BL96: - | BM96: - | BN96: - | BO96: - | BP96: - | BQ96: - | BR96: - | BS96: - | BT96: - | BU96: - | BV96: - | BW96: - | BX96: - | BY96: - | BZ96: - | CA96: - | CB96: - | CC96: - | CD96: - | CE96: - | CF96: - | CG96: - | CH96: - | CI96: - | CJ96: - | CK96: - | CL96: - | CM96: - | CN96: - | CO96: - | CP96: - | CQ96: - | CR96: - | CS96: 1.1 | CT96: - | CU96: - | CV96: - | CW96: - | CX96: - | CY96: - | CZ96: - | DA96: - | DB96: - | DC96: - | DD96: - | DE96: - | DF96: - | DG96: - | DH96: - | DI96: - | DJ96: 0 | DK96: - | DL96: - | DM96: - | DN96: - | DO96: - | DP96: - | DQ96: - | DR96: - | DS96: - | DT96: - | DU96: - | DV96: - | DW96: - | DX96: - | DY96: - | DZ96: -
A97: Свиньи | B97: Крестьянские или фермерские хозяйства | C97: ЗАПАДНО-КАЗАХСТАНСКАЯ ОБЛАСТЬ | D97: 118.94 | E97: 133.65 | F97: 118.82 | G97: 111.78 | H97: 130.77 | I97: 113.7 | J97: 112 | K97: 108.65 | L97: 141.6 | M97: 124.3 | N97: 143.98 | O97: 106.76 | P97: 113.97 | Q97: 126.82 | R97: 126.67 | S97: 160.8 | T97: 159.05 | U97: 204.97 | V97: 175.3 | W97: 100.39 | X97: 132.4 | Y97: 158.2 | Z97: 183.24 | AA97: 88.77 | AB97: 108.67 | AC97: 166.3 | AD97: 150.85 | AE97: 184.38 | AF97: 160.2 | AG97: 200.8 | AH97: 126.3 | AI97: 131.45 | AJ97: 117.19 | AK97: 163 | AL97: 195.6 | AM97: 159.41 | AN97: 8.76 | AO97: 166.4 | AP97: 144.78 | AQ97: 185.1 | AR97: 160.58 | AS97: 201.2 | AT97: 130.68 | AU97: 132.25 | AV97: 118.08 | AW97: 113.17 | AX97: 197 | AY97: 94.35 | AZ97: 17.86 | BA97: 166.8 | BB97: 144.25 | BC97: 158.1 | BD97: 136.7 | BE97: 209.9 | BF97: 131.6 | BG97: 132.6 | BH97: 119.4 | BI97: 69.06 | BJ97: 165.75 | BK97: 95.68 | BL97: 19.8 | BM97: 117 | BN97: 102.5 | BO97: 124.2 | BP97: 103.5 | BQ97: 139.7 | BR97: 79.7 | BS97: 85.3 | BT97: 117 | BU97: 65.6 | BV97: 57.1 | BW97: 115.6 | BX97: 8.8 | BY97: 9.8 | BZ97: 8 | CA97: 40.6 | CB97: 16.3 | CC97: 11.9 | CD97: 9.8 | CE97: 3.2 | CF97: 5.1 | CG97: 8.8 | CH97: 5.6 | CI97: 40.6 | CJ97: 9.3 | CK97: 10.2 | CL97: 6 | CM97: 41.5 | CN97: 19 | CO97: 16.5 | CP97: 9.9 | CQ97: 4 | CR97: 8 | CS97: 6 | CT97: 2.8 | CU97: 36.8 | CV97: 10.07 | CW97: 9.24 | CX97: 5.48 | CY97: 48.29 | CZ97: 17.3 | DA97: 23.03 | DB97: 8.36 | DC97: 3 | DD97: 1.84 | DE97: 6.9 | DF97: 3.51 | DG97: 15.11 | DH97: 9.2 | DI97: 7.2 | DJ97: 3 | DK97: 35.9 | DL97: 19.8 | DM97: 24.4 | DN97: 8.3 | DO97: 3 | DP97: 1.9 | DQ97: 7 | DR97: 3.6 | DS97: 16.1 | DT97: 9.2 | DU97: 7.1 | DV97: 2.7 | DW97: 37.4 | DX97: 20.1 | DY97: 21.5 | DZ97: 8.7
A98: Свиньи | B98: Крестьянские или фермерские хозяйства | C98: ЖАМБЫЛСКАЯ ОБЛАСТЬ | D98: 12.1 | E98: 3.14 | F98: 4.13 | G98: 83.18 | H98: 4.5 | I98: 126.01 | J98: 4.64 | K98: 15.98 | L98: 31.47 | M98: 15.32 | N98: 28.87 | O98: 15.36 | P98: 13.03 | Q98: 3.66 | R98: 4.1 | S98: 51.12 | T98: 3.52 | U98: 128.06 | V98: 4.22 | W98: 14.19 | X98: 33.06 | Y98: 14.99 | Z98: 23.09 | AA98: 16.54 | AB98: 11.39 | AC98: 3.55 | AD98: 1.25 | AE98: 38.11 | AF98: 3.7 | AG98: 80.33 | AH98: 2.6 | AI98: 14.09 | AJ98: 33.51 | AK98: 15.03 | AL98: 24.48 | AM98: 17.48 | AN98: 8.4 | AO98: 1.9 | AP98: 1.3 | AQ98: 32.14 | AR98: 3.84 | AS98: 72.26 | AT98: 2.5 | AU98: 15 | AV98: 34.74 | AW98: 16.22 | AX98: 25.65 | AY98: 17.9 | AZ98: 8.41 | BA98: 2.08 | BB98: 1.3 | BC98: 31.67 | BD98: 2.83 | BE98: 58.87 | BF98: 2.6 | BG98: 15.55 | BH98: 35.52 | BI98: 16.57 | BJ98: 26.2 | BK98: 20.14 | BL98: 9.4 | BM98: 2.3 | BN98: 1.4 | BO98: 34.8 | BP98: 3 | BQ98: 64.6 | BR98: 2.9 | BS98: 16.8 | BT98: 38.8 | BU98: 18.3 | BV98: 28.7 | BW98: 22.1 | BX98: 9.9 | BY98: 2.4 | BZ98: 1.4 | CA98: 36.2 | CB98: 3.1 | CC98: 67.1 | CD98: 5 | CE98: 19.2 | CF98: 39.9 | CG98: 18.8 | CH98: 29.2 | CI98: 22.7 | CJ98: 10 | CK98: 2.4 | CL98: 1.4 | CM98: 36.3 | CN98: 3.2 | CO98: 68.1 | CP98: 5 | CQ98: 19.2 | CR98: 40 | CS98: 18.6 | CT98: 29.4 | CU98: 22.7 | CV98: 5.75 | CW98: 1.61 | CY98: 18.27 | CZ98: 1.17 | DA98: 43.61 | DB98: 2.39 | DC98: 5.88 | DD98: 19.26 | DE98: 7.7 | DF98: 17.57 | DG98: 15.47 | DH98: 4.5 | DI98: 1.7 | DK98: 18.5 | DL98: 0.7 | DM98: 43.7 | DN98: 2.4 | DO98: 5.9 | DP98: 19.3 | DQ98: 7.7 | DR98: 17.6 | DS98: 12.2 | DT98: 4.5 | DU98: 1.7 | DV98: - | DW98: 18.6 | DX98: 0.7 | DY98: 46.4 | DZ98: 2.4
A99: Свиньи | B99: Крестьянские или фермерские хозяйства | C99: КАРАГАНДИНСКАЯ ОБЛАСТЬ | D99: 35.62 | E99: 125.47 | F99: 135.32 | G99: 122 | H99: 105.22 | I99: 124.21 | J99: 37.32 | K99: 29.08 | L99: 53.77 | M99: 49.22 | N99: 190.55 | O99: 568.69 | P99: 182.01 | Q99: 46.68 | R99: 57.47 | S99: 16.42 | T99: 69.58 | U99: 202.36 | V99: 188.17 | W99: 77.15 | X99: 154.06 | Y99: 211.23 | Z99: 198.07 | AA99: 173.79 | AB99: 197.46 | AC99: 147.24 | AD99: 149.53 | AE99: 87.03 | AF99: 124.2 | AG99: 122.87 | AH99: 77.49 | AI99: 66.33 | AJ99: 100.21 | AK99: 181.98 | AL99: 327.9 | AM99: 256.74 | AN99: 64.3 | AO99: 145.88 | AP99: 151.9 | AQ99: 87.61 | AR99: 118.21 | AS99: 129.85 | AT99: 79.17 | AU99: 70.12 | AV99: 87.53 | AW99: 181.29 | AX99: 282.84 | AY99: 44.74 | AZ99: 44.62 | BA99: 127.69 | BB99: 58.93 | BC99: 97.21 | BD99: 136.11 | BE99: 53.33 | BF99: 83.48 | BG99: 81.32 | BH99: 40.11 | BI99: 135.81 | BJ99: 214.2 | BK99: 86.24 | BL99: 39.9 | BM99: 119.8 | BN99: 75.7 | BO99: 86.2 | BP99: 124.3 | BQ99: 53.5 | BR99: 35 | BS99: 66.5 | BT99: 58 | BU99: 132.7 | BV99: 209 | BW99: 90 | BX99: 45.7 | BY99: 125 | BZ99: 80.5 | CA99: 95.5 | CB99: 131.2 | CC99: 63.3 | CD99: 41.3 | CE99: 71.3 | CF99: 67.1 | CG99: 138.8 | CH99: 218.4 | CI99: 96.7 | CJ99: 57.7 | CK99: 141.2 | CL99: 93 | CM99: 106.1 | CN99: 139.8 | CO99: 79.4 | CP99: 49.6 | CQ99: 78.6 | CR99: 77.9 | CS99: 155.6 | CT99: 248.2 | CU99: 107.5 | CV99: 43.98 | CW99: 98.72 | CX99: 113.96 | CY99: 75.12 | CZ99: 89.77 | DA99: 81.97 | DB99: 32.86 | DC99: 62.01 | DD99: 71.25 | DE99: 103.22 | DF99: 182.39 | DG99: 171.49 | DH99: 37 | DI99: 86.7 | DJ99: 91.7 | DK99: 68.2 | DL99: 82.4 | DM99: 58.6 | DN99: 12.9 | DO99: 72.9 | DP99: 80.4 | DQ99: 96.9 | DR99: 128.8 | DS99: 69 | DT99: 45.6 | DU99: 106.4 | DV99: 85.6 | DW99: 84.1 | DX99: 102.9 | DY99: 84.9 | DZ99: 11
A100: Свиньи | B100: Крестьянские или фермерские хозяйства | C100: КОСТАНАЙСКАЯ ОБЛАСТЬ | D100: 27.95 | E100: 27.08 | F100: 61.33 | G100: 11.65 | H100: 6.72 | I100: 18.64 | J100: 18.95 | K100: 8.83 | L100: 9.23 | M100: 38.78 | N100: 55.98 | O100: 37.49 | P100: 10.3 | Q100: 49.54 | R100: 82.43 | S100: 13.22 | T100: 7.65 | U100: 36.94 | V100: 17.66 | W100: 11.41 | X100: 10.13 | Y100: 38.83 | Z100: 57.66 | AA100: 41.22 | AB100: 9.77 | AC100: 44.48 | AD100: 41.34 | AE100: 20.21 | AF100: 8.53 | AG100: 55.32 | AH100: 27.93 | AI100: 14.66 | AJ100: 23.31 | AK100: 44.49 | AL100: 62.09 | AM100: 35.56 | AN100: 39.01 | AO100: 52.52 | AP100: 34.66 | AQ100: 21.21 | AR100: 9.1 | AS100: 53.05 | AT100: 28.95 | AU100: 15.22 | AV100: 11.06 | AW100: 45 | AX100: 62.79 | AY100: 33.92 | AZ100: 41.73 | BA100: 56.18 | BB100: 37.03 | BC100: 22.6 | BD100: 9.69 | BE100: 56.39 | BF100: 28.99 | BG100: 15.24 | BH100: 11.08 | BI100: 45.11 | BJ100: 62.93 | BK100: 33.93 | BL100: 37.4 | BM100: 50.4 | BN100: 33.1 | BO100: 20.2 | BP100: 8.7 | BQ100: 50.3 | BR100: 29.8 | BS100: 15.7 | BT100: 11.4 | BU100: 46.3 | BV100: 64.6 | BW100: 34.5 | BX100: 35.2 | BY100: 47.5 | BZ100: 31.2 | CA100: 19 | CB100: 8.1 | CC100: 47.1 | CD100: 32 | CE100: 16.8 | CF100: 12.2 | CG100: 49.6 | CH100: 69.2 | CI100: 36.1 | CJ100: 27.1 | CK100: 38.3 | CL100: 24.8 | CM100: 15.1 | CN100: 6.4 | CO100: 37.3 | CP100: 23.1 | CQ100: 12.1 | CR100: 8.8 | CS100: 35.8 | CT100: 50 | CU100: 21.3 | CV100: 5.97 | CW100: 8.24 | CX100: 10.88 | CY100: 4.61 | CZ100: 2.24 | DA100: 13.78 | DB100: 12.88 | DC100: 7.21 | DD100: 5 | DE100: 17.55 | DF100: 21.02 | DG100: 14.81 | DH100: 8 | DI100: 11 | DJ100: 14.5 | DK100: 6.1 | DL100: 3 | DM100: 18.6 | DN100: 17.8 | DO100: 9.9 | DP100: 6.9 | DQ100: 18.5 | DR100: 22.1 | DS100: 15.7 | DT100: 9.3 | DU100: 12.8 | DV100: 16.4 | DW100: 6.9 | DX100: 3.4 | DY100: 21 | DZ100: 18.9
A101: Свиньи | B101: Крестьянские или фермерские хозяйства | C101: КЫЗЫЛОРДИНСКАЯ ОБЛАСТЬ | D101: - | E101: - | F101: - | G101: - | H101: - | I101: 1.32 | J101: - | K101: - | L101: - | M101: - | N101: - | O101: - | P101: - | Q101: - | R101: - | S101: - | T101: - | U101: 1.34 | W101: 1.73 | X101: 1.66 | Y101: 0.83 | Z101: 0.83 | AA101: 2.04 | AB101: 2.76 | AC101: 2.39 | AD101: 0.9 | AE101: 1.6 | AF101: 1.34 | AG101: 4.63 | AH101: 0.92 | AI101: 1.75 | AJ101: 1.45 | AK101: 1.58 | AL101: 0.84 | AM101: 2.02 | AN101: 2.78 | AO101: 2.42 | AP101: 0.92 | AQ101: 1.64 | AR101: 1.46 | AS101: 4.58 | AT101: 0.99 | AU101: 1.63 | AV101: 1.56 | AW101: 1.73 | AX101: 1.54 | AY101: 1.93 | AZ101: 2.76 | BA101: 2.48 | BB101: 0.92 | BC101: 1.56 | BD101: 1.56 | BE101: 1.81 | BF101: 1.1 | BG101: 1.56 | BH101: 1.47 | BI101: 1.75 | BJ101: 1.66 | BK101: 1.84 | BL101: 2.6 | BM101: 2.3 | BN101: 0.8 | BO101: 1.5 | BP101: 1.6 | BQ101: 1.8 | BR101: 1 | BS101: 1.7 | BT101: 1.5 | BU101: 1.7 | BV101: 1.7 | BW101: 1.7 | BX101: 2.4 | BY101: 2.1 | BZ101: 0.9 | CA101: 1.4 | CB101: 1.5 | CC101: 1.9 | CD101: 0.5 | CE101: 1.6 | CF101: 1.6 | CG101: 1.7 | CH101: 1.6 | CI101: 1.8 | CJ101: 1.4 | CK101: 0.9 | CL101: 0.8 | CM101: 1.3 | CN101: 4.1 | CO101: 1.6 | CY101: 0.06 | CZ101: 0.06 | DA101: 0.28 | DB101: - | DC101: - | DD101: - | DE101: - | DF101: - | DG101: - | DH101: - | DI101: - | DJ101: - | DK101: - | DL101: - | DM101: - | DN101: - | DO101: - | DP101: - | DQ101: - | DR101: - | DS101: - | DT101: - | DU101: - | DV101: - | DW101: - | DX101: - | DY101: - | DZ101: -
A102: Свиньи | B102: Крестьянские или фермерские хозяйства | C102: МАНГИСТАУСКАЯ ОБЛАСТЬ | D102: 7.44 | E102: 2.56 | F102: 3.76 | G102: 1.44 | H102: 5.76 | I102: 5.1 | J102: 0.88 | K102: 3.2 | L102: 23.12 | M102: 0.8 | N102: 2 | O102: 4.8 | P102: 0.8 | Q102: 0.24 | T102: 0.16 | U102: 4.88 | V102: 7.04 | W102: 6.96 | X102: 0.4 | Y102: 6.64 | Z102: 9.2 | AA102: 9.36 | AB102: 0.8 | AC102: 4.48 | AD102: 4.4 | AF102: 0.16 | AH102: 2.32 | AI102: 6.4 | AJ102: 0.4 | AL102: 1.76 | AM102: 4.64 | AN102: 0.8 | AO102: 5.84 | AP102: 4.8 | AQ102: 3.36 | AR102: 0.24 | AS102: 4.16 | AT102: 2.72 | AU102: 3.36 | AV102: 0.4 | AW102: 2.4 | AX102: 3.6 | AY102: 5.68 | BA102: 3.76 | BB102: 2.8 | BC102: 0.8 | BD102: 1.6 | BE102: 4.24 | BF102: 1.44 | BG102: 1.2 | BI102: 2 | BJ102: 4.64 | BK102: 6.08 | BL102: 2.5 | BM102: 2.6 | BN102: 2.8 | BO102: 1.8 | BP102: 1.6 | BQ102: 4.2 | BR102: 2.4 | BS102: 2.4 | BU102: 2 | BV102: 4.6 | BW102: 6.1 | BX102: 2.5 | BY102: 2.6 | BZ102: 2.8 | CA102: 0.8 | CE102: 1.2 | CF102: - | CG102: - | CH102: - | CI102: - | CJ102: - | CK102: - | CL102: - | CM102: - | CN102: - | CO102: - | CP102: - | CQ102: - | CR102: - | CS102: - | CT102: - | CU102: - | CV102: - | CW102: - | CX102: - | CY102: - | CZ102: - | DA102: - | DB102: - | DC102: - | DD102: - | DE102: - | DF102: - | DG102: - | DH102: - | DI102: - | DJ102: - | DK102: - | DL102: - | DM102: - | DN102: - | DO102: - | DP102: - | DQ102: - | DR102: - | DS102: - | DT102: - | DU102: - | DV102: - | DW102: - | DX102: - | DY102: - | DZ102: -
...

Sheet Свод (2)
A3: Показатель | B3: Категория хозяйства | C3: Регион | D3: 42005 | E3: 42036 | F3: 42064 | G3: 42095 | H3: 42125 | I3: 42156 | J3: 42186 | K3: 42217 | L3: 42248 | M3: 42278 | N3: 42309 | O3: 42339 | P3: 42370 | Q3: 42401 | R3: 42430 | S3: 42461 | T3: 42491 | U3: 42522 | V3: 42552 | W3: 42583 | X3: 42614 | Y3: 42644 | Z3: 42675 | AA3: 42705 | AB3: 42736 | AC3: 42767 | AD3: 42795 | AE3: 42826 | AF3: 42856 | AG3: 42887 | AH3: 42917 | AI3: 42948 | AJ3: 42979 | AK3: 43009 | AL3: 43040 | AM3: 43070 | AN3: 43101 | AO3: 43132 | AP3: 43160 | AQ3: 43191 | AR3: 43221 | AS3: 43252 | AT3: 43282 | AU3: 43313 | AV3: 43344 | AW3: 43374 | AX3: 43405 | AY3: 43435 | AZ3: 43466 | BA3: 43497 | BB3: 43525 | BC3: 43556 | BD3: 43586 | BE3: 43617 | BF3: 43647 | BG3: 43678 | BH3: 43709 | BI3: 43739 | BJ3: 43770 | BK3: 43800 | BL3: 43831 | BM3: 43862 | BN3: 43891 | BO3: 43922 | BP3: 43952 | BQ3: 43983 | BR3: 44013 | BS3: 44044 | BT3: 44075 | BU3: 44105 | BV3: 44136 | BW3: 44166 | BX3: 44197 | BY3: 44228 | BZ3: 44256 | CA3: 44287 | CB3: 44317 | CC3: 44348 | CD3: 44378 | CE3: 44409 | CF3: 44440 | CG3: 44470 | CH3: 44501 | CI3: 44531 | CJ3: 44562 | CK3: 44593 | CL3: 44621 | CM3: 44652 | CN3: 44682 | CO3: 44713 | CP3: 44743 | CQ3: 44774 | CR3: 44805 | CS3: 44835 | CT3: 44866 | CU3: 44896 | CV3: 44927 | CW3: 44958 | CX3: 44986 | CY3: 45017 | CZ3: 45047 | DA3: 45078 | DB3: 45108 | DC3: 45139 | DD3: 45170 | DE3: 45200 | DF3: 45231 | DG3: 45261 | DH3: 45292 | DI3: 45323 | DJ3: 45352 | DK3: 45383 | DL3: 45413 | DM3: 45444 | DN3: 45474 | DO3: 45505 | DP3: 45536 | DQ3: 45566 | DR3: 45597 | DS3: 45627 | DU3: 45658 | DV3: 45689 | DW3: 45717 | DX3: 45748 | DY3: 45778 | DZ3: 45809 | EA3: 45839
A4: КРС | B4: Сельхозпредприятия | C4: РЕСПУБЛИКА КАЗАХСТАН | D4: 3400.96 | E4: 3685.9 | F4: 4154.43 | G4: 5203.94 | H4: 5084.05 | I4: 6718.83 | J4: 4235.03 | K4: 4014.95 | L4: 4907.52 | M4: 4274.75 | N4: 3858.39 | O4: 6477.35 | P4: 3884.84 | Q4: 4146.9 | R4: 4282.08 | S4: 5408.9 | T4: 4390.56 | U4: 8005.48 | V4: 5105.84 | W4: 4700.12 | X4: 5548.88 | Y4: 3958.09 | Z4: 6264.34 | AA4: 9196.32 | AB4: 3739.75 | AC4: 4951.17 | AD4: 6316.68 | AE4: 5751.36 | AF4: 5747.16 | AG4: 10114.01 | AH4: 5944.43 | AI4: 6768.61 | AJ4: 5781.59 | AK4: 5885.5 | AL4: 7429.34 | AM4: 9411.91 | AN4: 5555.9 | AO4: 4586.48 | AP4: 7970.28 | AQ4: 8130.34 | AR4: 8048.48 | AS4: 14491.87 | AT4: 7543.26 | AU4: 7396.97 | AV4: 9668.6 | AW4: 6730.17 | AX4: 7987.91 | AY4: 11121.61 | AZ4: 5666.49 | BA4: 5917.68 | BB4: 8899.55 | BC4: 7784.95 | BD4: 9167.13 | BE4: 16299.73 | BF4: 7164.2 | BG4: 7341.17 | BH4: 10162.65 | BI4: 13532.56 | BJ4: 11737.17 | BK4: 14948.7 | BL4: 7041.38 | BM4: 4341.74 | BN4: 10336.12 | BO4: 7419.05 | BP4: 10452.61 | BQ4: 16413.66 | BR4: 7973.85 | BS4: 8901.52 | BT4: 10934.83 | BU4: 13130.82 | BV4: 12848.98 | BW4: 18882.81 | BX4: 8135.62 | BY4: 6432.18 | BZ4: 9650.38 | CA4: 10482.45 | CB4: 11405.76 | CC4: 16121.49 | CD4: 9114.93 | CE4: 14885.29 | CF4: 13567.02 | CG4: 13473.97 | CH4: 12558.44 | CI4: 20382.82 | CJ4: 6709.4 | CK4: 8554.71 | CL4: 12487.58 | CM4: 9184.25 | CN4: 7094.7 | CO4: 16471.11 | CP4: 6373.02 | CQ4: 10145.08 | CR4: 8831.12 | CS4: 11123 | CT4: 8927.05 | CU4: 11379.06 | CV4: 7452.75 | CW4: 6836.85 | CX4: 8719.53 | CY4: 9925.26 | CZ4: 7684.37 | DA4: 12218.39 | DB4: 6460.2 | DC4: 11289.58 | DD4: 15156.55 | DE4: 9790.74 | DF4: 9021.76 | DG4: 13193.63 | DH4: 6799.94 | DI4: 12303.66 | DJ4: 9703.45 | DK4: 11165.56 | DL4: 8179.14 | DM4: 24407.52 | DN4: 9835.22 | DO4: 11955.41 | DP4: 16955.56 | DQ4: 10638.42 | DR4: 9612.92 | DS4: 21521.5 | DT4: РЕСПУБЛИКА КАЗАХСТАН | DU4: 6844.96 | DV4: 6687.71 | DW4: 8238.73 | DX4: 7324.04 | DY4: 7044.61 | DZ4: 14116.34 | EA4: 10179.94
A5: КРС | B5: Сельхозпредприятия | C5: АКМОЛИНСКАЯ ОБЛАСТЬ | D5: 514.75 | E5: 497.95 | F5: 863.93 | G5: 667.81 | H5: 633.39 | I5: 600.86 | J5: 875.47 | K5: 942.18 | L5: 856.9 | M5: 981.04 | N5: 873.89 | O5: 1390.18 | P5: 736.62 | Q5: 845.64 | R5: 774.36 | S5: 618.97 | T5: 701.72 | U5: 796.48 | V5: 914.5 | W5: 736.52 | X5: 897.89 | Y5: 912.46 | Z5: 867.99 | AA5: 1102.48 | AB5: 660.12 | AC5: 731.14 | AD5: 835 | AE5: 860.71 | AF5: 883.43 | AG5: 963.32 | AH5: 745.3 | AI5: 844.01 | AJ5: 678 | AK5: 1025.12 | AL5: 1312.34 | AM5: 919.29 | AN5: 670.25 | AO5: 942.66 | AP5: 847.27 | AQ5: 907.92 | AR5: 1002.24 | AS5: 911.62 | AT5: 873.09 | AU5: 1070.9 | AV5: 938.24 | AW5: 832.71 | AX5: 780.14 | AY5: 792.74 | AZ5: 993.76 | BA5: 1044.12 | BB5: 1250.31 | BC5: 892.18 | BD5: 1441.82 | BE5: 1249.59 | BF5: 822.67 | BG5: 1007.64 | BH5: 1333 | BI5: 1160.5 | BJ5: 1088.61 | BK5: 1164.95 | BL5: 782.49 | BM5: 829.6 | BN5: 1780.71 | BO5: 1077.39 | BP5: 1145.56 | BQ5: 1100.69 | BR5: 898.78 | BS5: 829.67 | BT5: 930.63 | BU5: 1135.02 | BV5: 1025.99 | BW5: 1133.29 | BX5: 1141.02 | BY5: 957.47 | BZ5: 1261.8 | CA5: 979.49 | CB5: 1029.19 | CC5: 864.06 | CD5: 1056.22 | CE5: 1019.37 | CF5: 1028.55 | CG5: 1254.05 | CH5: 1025.9 | CI5: 1062.94 | CJ5: 537.96 | CK5: 1089 | CL5: 1631.34 | CM5: 1183.73 | CN5: 1118.31 | CO5: 1064.21 | CP5: 1240.11 | CQ5: 1000.26 | CR5: 1269.72 | CS5: 1136.14 | CT5: 1230.95 | CU5: 1026.95 | CV5: 1294.11 | CW5: 936.76 | CX5: 1229.11 | CY5: 1048.76 | CZ5: 1040.48 | DA5: 1181.82 | DB5: 869.84 | DC5: 993.64 | DD5: 938.85 | DE5: 1102.67 | DF5: 1001.63 | DG5: 1079.39 | DH5: 972.07 | DI5: 938.35 | DJ5: 978.41 | DK5: 1071.35 | DL5: 1067.76 | DM5: 1119.61 | DN5: 898.07 | DO5: 1382 | DP5: 1133.36 | DQ5: 1073.27 | DR5: 1118.19 | DS5: 1332.88 | DT5: АКМОЛИНСКАЯ ОБЛАСТЬ | DU5: 837.79 | DV5: 1082.43 | DW5: 1426.73 | DX5: 1238.21 | DY5: 1262.37 | DZ5: 1269.83 | EA5: 1261.41
A6: КРС | B6: Сельхозпредприятия | C6: АКТЮБИНСКАЯ ОБЛАСТЬ | D6: 554.41 | E6: 504.35 | F6: 493.56 | G6: 445.51 | H6: 585.79 | I6: 316.47 | J6: 469.49 | K6: 303.09 | L6: 685.51 | M6: 600.85 | N6: 603.26 | O6: 700.48 | P6: 477.84 | Q6: 221.08 | R6: 265.59 | S6: 328.03 | T6: 384.03 | U6: 555.07 | V6: 615.9 | W6: 619.33 | X6: 770.79 | Y6: 302.27 | Z6: 1076.31 | AA6: 862.54 | AB6: 473.66 | AC6: 475.3 | AD6: 814.18 | AE6: 638.87 | AF6: 642.96 | AG6: 834.97 | AH6: 902.65 | AI6: 701.17 | AJ6: 756.63 | AK6: 726.68 | AL6: 654.31 | AM6: 801.49 | AN6: 703.32 | AO6: 514.47 | AP6: 952.16 | AQ6: 1018.39 | AR6: 968.68 | AS6: 845.85 | AT6: 758.18 | AU6: 931.47 | AV6: 1070.07 | AW6: 1278.41 | AX6: 1627.73 | AY6: 1714.64 | AZ6: 704.51 | BA6: 899.66 | BB6: 1554.1 | BC6: 1351.44 | BD6: 1050.71 | BE6: 1485.45 | BF6: 814.13 | BG6: 1169.81 | BH6: 2388.34 | BI6: 1595.4 | BJ6: 3809.76 | BK6: 3510.19 | BL6: 954.53 | BM6: 481.35 | BN6: 1111.55 | BO6: 1033.96 | BP6: 1939.87 | BQ6: 2152.47 | BR6: 1578.87 | BS6: 1426.39 | BT6: 2620.87 | BU6: 2434.4 | BV6: 3247.3 | BW6: 3281.67 | BX6: 580.89 | BY6: 823.34 | BZ6: 1221.21 | CA6: 1626.06 | CB6: 1920.41 | CC6: 2637.56 | CD6: 1620.81 | CE6: 2134.96 | CF6: 3425.67 | CG6: 3449.02 | CH6: 3751.75 | CI6: 3827.39 | CJ6: 826.17 | CK6: 1132.81 | CL6: 1544.91 | CM6: 1885.46 | CN6: 698.01 | CO6: 4712.69 | CP6: 508.07 | CQ6: 592.19 | CR6: 902.26 | CS6: 1479.36 | CT6: 1219.25 | CU6: 658.78 | CV6: 589.8 | CW6: 1275.24 | CX6: 1508.27 | CY6: 1380.18 | CZ6: 842.24 | DA6: 3478.29 | DB6: 774.46 | DC6: 764.8 | DD6: 3003.94 | DE6: 1876.68 | DF6: 1547.77 | DG6: 607.03 | DH6: 609.08 | DI6: 873.05 | DJ6: 1520.51 | DK6: 1747.09 | DL6: 915.8 | DM6: 1851.96 | DN6: 932.63 | DO6: 945.11 | DP6: 1142.92 | DQ6: 1637.64 | DR6: 1180.54 | DS6: 1045.69 | DT6: АКТЮБИНСКАЯ ОБЛАСТЬ | DU6: 526.84 | DV6: 627.83 | DW6: 1314.81 | DX6: 1509.41 | DY6: 743.94 | DZ6: 1543.76 | EA6: 570.04
A7: КРС | B7: Сельхозпредприятия | C7: АЛМАТИНСКАЯ ОБЛАСТЬ | D7: 178.3 | E7: 362.86 | F7: 352.49 | G7: 451.79 | H7: 228.32 | I7: 708.84 | J7: 280.55 | K7: 126.59 | L7: 629.44 | M7: 314.28 | N7: 302.7 | O7: 273.87 | P7: 362.96 | Q7: 524.37 | R7: 549.52 | S7: 1221.29 | T7: 663.04 | U7: 1033.44 | V7: 877.53 | W7: 795.88 | X7: 549.7 | Y7: 524.17 | Z7: 762.84 | AA7: 909.95 | AB7: 361.53 | AC7: 659.43 | AD7: 489.3 | AE7: 413.05 | AF7: 901.47 | AG7: 633.54 | AH7: 986.07 | AI7: 1245.53 | AJ7: 678.11 | AK7: 462.36 | AL7: 1124.24 | AM7: 1042.7 | AN7: 626.23 | AO7: 691.69 | AP7: 900.64 | AQ7: 546.92 | AR7: 753.49 | AS7: 1249.22 | AT7: 870.13 | AU7: 1085.25 | AV7: 767.07 | AW7: 833.67 | AX7: 621.67 | AY7: 1270.71 | AZ7: 647.57 | BA7: 859.73 | BB7: 627.58 | BC7: 510.15 | BD7: 1060.85 | BE7: 748.1 | BF7: 795.62 | BG7: 713.09 | BH7: 917.57 | BI7: 2486.33 | BJ7: 1047.68 | BK7: 1716.96 | BL7: 138.84 | BM7: 193.57 | BN7: 1915.13 | BO7: 318.06 | BP7: 1376.06 | BQ7: 1100.94 | BR7: 732.62 | BS7: 403.93 | BT7: 1133.23 | BU7: 296.33 | BV7: 528.96 | BW7: 765.77 | BX7: 256.65 | BY7: 247.48 | BZ7: 1642.59 | CA7: 204.04 | CB7: 1358.42 | CC7: 1168.3 | CD7: 299.38 | CE7: 1286.74 | CF7: 482.08 | CG7: 219.4 | CH7: 455.71 | CI7: 342.51 | CJ7: 185.09 | CK7: 235.07 | CL7: 1692.44 | CM7: 276.34 | CN7: 475.5 | CO7: 1043.31 | CP7: 357.53 | CQ7: 225.52 | CR7: 212.32 | CS7: 344.6 | CT7: 413.76 | CU7: 211.75 | CV7: 379.94 | CW7: 109.76 | CX7: 195.04 | CY7: 292.86 | CZ7: 204.42 | DA7: 410.94 | DB7: 154.98 | DC7: 100.38 | DD7: 1354.58 | DE7: 189.29 | DF7: 152.57 | DG7: 186.92 | DH7: 141.97 | DI7: 214.08 | DJ7: 1055.43 | DK7: 110.45 | DL7: 188.15 | DM7: 172.63 | DN7: 112.31 | DO7: 134.99 | DP7: 1212.02 | DQ7: 260.02 | DR7: 129.38 | DS7: 159.66 | DT7: АЛМАТИНСКАЯ ОБЛАСТЬ | DU7: 163.04 | DV7: 122.59 | DW7: 251.05 | DX7: 133.9 | DY7: 133.94 | DZ7: 643.02 | EA7: 142.88
A8: КРС | B8: Сельхозпредприятия | C8: АТЫРАУСКАЯ ОБЛАСТЬ | D8: 20.8 | E8: 0.8 | F8: 15.28 | G8: 1.97 | H8: 2.04 | I8: 1.32 | J8: 0.8 | K8: 1.38 | L8: 1 | M8: 0.43 | N8: 1.47 | O8: 6.26 | P8: 7.41 | Q8: 20.63 | R8: 10.49 | S8: 11.75 | T8: 16.13 | U8: 27.56 | V8: 15.8 | W8: 11.24 | X8: 15.2 | Y8: 3.5 | Z8: 5.1 | AA8: 10.18 | AB8: 7.41 | AC8: 4.52 | AD8: 6.2 | AE8: 3.28 | AF8: 9.99 | AG8: 3.44 | AH8: 9.3 | AI8: 32.91 | AJ8: 48.26 | AK8: 21.35 | AL8: 4.52 | AM8: 6.7 | AN8: 2.95 | AO8: 38.66 | AP8: 2.91 | AQ8: 23.24 | AR8: 8.43 | AS8: 2.4 | AT8: 19.8 | AU8: 0.3 | AV8: 13.88 | AW8: 1.75 | AX8: 83.62 | AY8: 19.94 | AZ8: 5.04 | BA8: 3.28 | BB8: 0.2 | BC8: 7.3 | BD8: 7.88 | BE8: 7.82 | BF8: 0.1 | BG8: - | BH8: 2.1 | BI8: 13.76 | BJ8: 1.73 | BK8: 1.95 | BL8: 1.8 | BM8: 6.49 | BN8: 7.29 | BO8: 5.7 | BP8: 10.95 | BQ8: 5.98 | BR8: 1.57 | BS8: 1.58 | BT8: 19.4 | BU8: 9.32 | BV8: 22.87 | BW8: - | BX8: 3.09 | BY8: 3.23 | BZ8: 8.92 | CA8: 2.74 | CB8: 3.85 | CC8: 2.11 | CD8: 4.54 | CE8: 1.41 | CF8: 1.69 | CG8: 8.27 | CH8: 13.06 | CI8: 20.24 | CJ8: 8.91 | CK8: 9.61 | CL8: 2.14 | CM8: 9.05 | CN8: 5.62 | CO8: 3.5 | CP8: - | CQ8: - | CR8: 2.6 | CS8: - | CT8: 5.1 | CU8: 5.7 | CV8: - | CW8: 0.06 | CX8: 1.9 | CY8: - | CZ8: 1.4 | DA8: 4.2 | DB8: 1.4 | DC8: 0.5 | DD8: 1.64 | DE8: 0.54 | DF8: - | DG8: 51.62 | DH8: 16.21 | DI8: 17.45 | DJ8: 13.52 | DK8: 25.1 | DL8: 13.7 | DM8: 16.08 | DN8: 17.35 | DO8: 41.57 | DP8: 56.59 | DQ8: 49.5 | DR8: 40.76 | DS8: 27.22 | DT8: АТЫРАУСКАЯ ОБЛАСТЬ | DU8: 37.37 | DV8: 18.66 | DW8: 20.92 | DX8: 12.58 | DY8: 26.56 | DZ8: 23.3 | EA8: 17.9
A9: КРС | B9: Сельхозпредприятия | C9: ЗАПАДНО-КАЗАХСТАНСКАЯ ОБЛАСТЬ | D9: 36.38 | E9: 16.14 | F9: 148.5 | G9: 145.26 | H9: 131.27 | I9: 115.01 | J9: 60.6 | K9: 83.6 | L9: 139.05 | M9: 107.98 | N9: 86.18 | O9: 275.77 | P9: 93.81 | Q9: 204.86 | R9: 254.4 | S9: 82.89 | T9: 52.21 | U9: 57.31 | V9: 33.9 | W9: 20.69 | X9: 47.04 | Y9: 72.48 | Z9: 102.36 | AA9: 252.42 | AB9: 87.81 | AC9: 153.02 | AD9: 176.98 | AE9: 87.71 | AF9: 123.81 | AG9: 217.05 | AH9: 133.89 | AI9: 113.86 | AJ9: 86.96 | AK9: 67.89 | AL9: 188.91 | AM9: 312.2 | AN9: 155.96 | AO9: 131.87 | AP9: 155.17 | AQ9: 183.75 | AR9: 131.9 | AS9: 220.58 | AT9: 117.82 | AU9: 77.65 | AV9: 271.51 | AW9: 169.24 | AX9: 230.18 | AY9: 256.49 | AZ9: 126.91 | BA9: 104.17 | BB9: 95.67 | BC9: 94.31 | BD9: 75.93 | BE9: 248.36 | BF9: 150.05 | BG9: 104.48 | BH9: 396.66 | BI9: 194.05 | BJ9: 288.29 | BK9: 375.54 | BL9: 208.8 | BM9: 151.24 | BN9: 137.98 | BO9: 108.61 | BP9: 142.46 | BQ9: 302.43 | BR9: 70.79 | BS9: 120.1 | BT9: 288.51 | BU9: 342.18 | BV9: 290.2 | BW9: 633.29 | BX9: 135.28 | BY9: 200.06 | BZ9: 271.74 | CA9: 621.21 | CB9: 617.36 | CC9: 350.28 | CD9: 87.77 | CE9: 121.58 | CF9: 194.95 | CG9: 156.73 | CH9: 267.81 | CI9: 585.09 | CJ9: 152.48 | CK9: 368.91 | CL9: 202.78 | CM9: 439.32 | CN9: 284.58 | CO9: 1207.68 | CP9: 224.12 | CQ9: 134.71 | CR9: 265.6 | CS9: 299.54 | CT9: 504.28 | CU9: 406.81 | CV9: 560.11 | CW9: 266.3 | CX9: 327.79 | CY9: 372.54 | CZ9: 238.97 | DA9: 585.79 | DB9: 444.99 | DC9: 519.78 | DD9: 679.56 | DE9: 630.95 | DF9: 380.4 | DG9: 457.86 | DH9: 486.18 | DI9: 222.78 | DJ9: 333.47 | DK9: 438.04 | DL9: 378.2 | DM9: 585.85 | DN9: 607.34 | DO9: 944.69 | DP9: 517.31 | DQ9: 622.35 | DR9: 478.05 | DS9: 964.38 | DT9: ЗАПАДНО-КАЗАХСТАНСКАЯ ОБЛАСТЬ | DU9: 188.16 | DV9: 166.92 | DW9: 445.93 | DX9: 303.29 | DY9: 246.96 | DZ9: 645.76 | EA9: 1126.35
A10: КРС | B10: Сельхозпредприятия | C10: ЖАМБЫЛСКАЯ ОБЛАСТЬ | D10: 11.35 | E10: 52.62 | F10: 24.71 | G10: 76.56 | H10: 106.33 | I10: 23.48 | J10: 128.48 | K10: 270.8 | L10: 30.13 | M10: 19.1 | N10: 32.88 | O10: 44.2 | P10: 16.08 | Q10: 475.59 | R10: 29.41 | S10: 310.03 | T10: 365.45 | U10: 32.66 | V10: 23.9 | W10: 22.9 | X10: 30.94 | Y10: 54.8 | Z10: 64.1 | AA10: 910.5 | AB10: 16.08 | AC10: 335.1 | AD10: 194.9 | AE10: 464.6 | AF10: 119.09 | AG10: 242.96 | AH10: 531.87 | AI10: 1150.32 | AJ10: 40.43 | AK10: 32.15 | AL10: 328.86 | AM10: 780.76 | AN10: 436.41 | AO10: 39.11 | AP10: 1024.84 | AQ10: 876.02 | AR10: 845.38 | AS10: 843.11 | AT10: 461.87 | AU10: 1072.21 | AV10: 1831.9 | AW10: 352.13 | AX10: 542.21 | AY10: 2062.63 | AZ10: 541.83 | BA10: 448.71 | BB10: 972.35 | BC10: 530.18 | BD10: 404.28 | BE10: 1844.94 | BF10: 308.46 | BG10: 1231.96 | BH10: 1682.59 | BI10: 637.14 | BJ10: 543.51 | BK10: 1728.36 | BL10: 2042.34 | BM10: 114.99 | BN10: 296.28 | BO10: 239.43 | BP10: 282.82 | BQ10: 694.06 | BR10: 37.06 | BS10: 1190.01 | BT10: 771.9 | BU10: 384.79 | BV10: 96.09 | BW10: 5995.41 | BX10: 1891.17 | BY10: 84.23 | BZ10: 1040.02 | CA10: 175.75 | CB10: 240.53 | CC10: 1529.83 | CD10: 71.09 | CE10: 721.52 | CF10: 2466.15 | CG10: 1049.29 | CH10: 791.7 | CI10: 5273.3 | CJ10: 290.29 | CK10: 371.16 | CL10: 1393.47 | CM10: 33.66 | CN10: 87.63 | CO10: 1066.24 | CP10: 12.23 | CQ10: 134.58 | CR10: 997.34 | CS10: 394.67 | CT10: 359.43 | CU10: 1708.7 | CV10: 136.63 | CW10: 44.93 | CX10: 1223.68 | CY10: 54.84 | CZ10: 140.49 | DA10: 817.71 | DB10: 9.3 | DC10: 13.4 | DD10: 58.06 | DE10: 77.19 | DF10: 98.82 | DG10: 25.2 | DH10: 174.82 | DI10: 122.55 | DJ10: 1474.62 | DK10: 96.11 | DL10: 187.05 | DM10: 148.03 | DN10: 102.68 | DO10: 33.38 | DP10: 6.29 | DQ10: 16.55 | DR10: 18.3 | DS10: 30.96 | DT10: ЖАМБЫЛСКАЯ ОБЛАСТЬ | DU10: 38.12 | DV10: 18.6 | DW10: 11.9 | DX10: 20.04 | DY10: 312.1 | DZ10: 2099.37 | EA10: 12.31
A11: КРС | B11: Сельхозпредприятия | C11: КАРАГАНДИНСКАЯ ОБЛАСТЬ | D11: 40.29 | E11: 47.49 | F11: 16.23 | G11: 39.16 | H11: 37.99 | I11: 33.46 | J11: 25.4 | K11: 31.9 | L11: 77.93 | M11: 30.58 | N11: 24.93 | O11: 37.44 | P11: 32.49 | Q11: 10.82 | R11: 40.55 | S11: 38.06 | T11: 28.86 | U11: 83.94 | V11: 31.25 | W11: 54.59 | X11: 85.77 | Y11: 24.29 | Z11: 72.41 | AA11: 91.5 | AB11: 32.49 | AC11: 47.11 | AD11: 42.94 | AE11: 78.41 | AF11: 115.8 | AG11: 101.38 | AH11: 22.44 | AI11: 80.06 | AJ11: 83.36 | AK11: 145.24 | AL11: 82.44 | AM11: 82.15 | AN11: 5.07 | AO11: 43.84 | AP11: 39.76 | AQ11: 24.68 | AR11: 82.12 | AS11: 53.05 | AT11: 37.93 | AU11: 46.48 | AV11: 68.56 | AW11: 15.85 | AX11: 44.14 | AY11: 174.4 | AZ11: 16.87 | BA11: 106.38 | BB11: 180.45 | BC11: 133.89 | BD11: 170.19 | BE11: 238.98 | BF11: 102.7 | BG11: 305.21 | BH11: 419.21 | BI11: 138.87 | BJ11: 193.71 | BK11: 139.51 | BL11: 328.37 | BM11: 86.42 | BN11: 351.35 | BO11: 70.14 | BP11: 952.68 | BQ11: 715.18 | BR11: 164.18 | BS11: 269.7 | BT11: 109.17 | BU11: 647.51 | BV11: 603.22 | BW11: 484.61 | BX11: 542.91 | BY11: 493.85 | BZ11: 320.3 | CA11: 448.12 | CB11: 460.57 | CC11: 988.61 | CD11: 712.53 | CE11: 693.67 | CF11: 895.13 | CG11: 1273.47 | CH11: 471.63 | CI11: 737.66 | CJ11: 1003.01 | CK11: 311.82 | CL11: 1384.38 | CM11: 343.76 | CN11: 236.06 | CO11: 104.21 | CP11: 155.95 | CQ11: 60.88 | CR11: 270.58 | CS11: 646.19 | CT11: 113.16 | CU11: 303.28 | CV11: 244.88 | CW11: 227.98 | CX11: 215.2 | CY11: 103.78 | CZ11: 188.89 | DA11: 148.8 | DB11: 90.28 | DC11: 162.8 | DD11: 206.27 | DE11: 260.49 | DF11: 242.88 | DG11: 250.05 | DH11: 126.06 | DI11: 155.18 | DJ11: 91.43 | DK11: 242.05 | DL11: 189.97 | DM11: 167.94 | DN11: 87.91 | DO11: 103.4 | DP11: 191.9 | DQ11: 116.85 | DR11: 101.7 | DS11: 153.63 | DT11: КАРАГАНДИНСКАЯ ОБЛАСТЬ | DU11: 107.62 | DV11: 65.41 | DW11: 110.84 | DX11: 288.45 | DY11: 127.81 | DZ11: 125.36 | EA11: 79.87
A12: КРС | B12: Сельхозпредприятия | C12: КОСТАНАЙСКАЯ ОБЛАСТЬ | D12: 817.94 | E12: 781.68 | F12: 1025.47 | G12: 1792.38 | H12: 2083.39 | I12: 3322.77 | J12: 978.73 | K12: 838.09 | L12: 899.01 | M12: 1060.38 | N12: 885.49 | O12: 831.85 | P12: 838 | Q12: 740.93 | R12: 876.01 | S12: 1083.93 | T12: 1019.43 | U12: 3257.55 | V12: 1015.65 | W12: 934.94 | X12: 1080.12 | Y12: 1093.06 | Z12: 1287.79 | AA12: 2205.76 | AB12: 802.38 | AC12: 952.64 | AD12: 1157.22 | AE12: 1192.33 | AF12: 1669.27 | AG12: 4498.26 | AH12: 970.85 | AI12: 1222.57 | AJ12: 1299.34 | AK12: 1034.82 | AL12: 1174.66 | AM12: 858.06 | AN12: 1393.16 | AO12: 895.8 | AP12: 1244.7 | AQ12: 1447.37 | AR12: 1670.15 | AS12: 5149.34 | AT12: 1077.28 | AU12: 960.89 | AV12: 1827.93 | AW12: 1074.91 | AX12: 1632.42 | AY12: 1061.72 | AZ12: 1107.37 | BA12: 1135.43 | BB12: 1327.85 | BC12: 1796.84 | BD12: 1704.62 | BE12: 4020.51 | BF12: 1438.87 | BG12: 897.65 | BH12: 908.52 | BI12: 946.92 | BJ12: 1068.18 | BK12: 1341.32 | BL12: 1157.73 | BM12: 1242.94 | BN12: 1467.15 | BO12: 2470.35 | BP12: 1841.89 | BQ12: 3526.6 | BR12: 1979.69 | BS12: 1571.54 | BT12: 2240.05 | BU12: 1595.89 | BV12: 2066.84 | BW12: 1033.47 | BX12: 1829.51 | BY12: 1685.36 | BZ12: 1641.54 | CA12: 3008.28 | CB12: 2051.72 | CC12: 3343.7 | CD12: 2618.22 | CE12: 1226.29 | CF12: 1693.72 | CG12: 1235.14 | CH12: 1341.27 | CI12: 1584.67 | CJ12: 1584.88 | CK12: 797.82 | CL12: 1301.96 | CM12: 1342.3 | CN12: 1667.23 | CO12: 3263.81 | CP12: 1211.14 | CQ12: 1056.05 | CR12: 940.87 | CS12: 832.46 | CT12: 1277.4 | CU12: 1336.82 | CV12: 1661.98 | CW12: 1627.84 | CX12: 1111.26 | CY12: 1344.04 | CZ12: 1241.39 | DA12: 1300.84 | DB12: 1105.81 | DC12: 910.57 | DD12: 1125.24 | DE12: 1227.25 | DF12: 1301.43 | DG12: 1261.47 | DH12: 1150.38 | DI12: 1287.7 | DJ12: 1382.07 | DK12: 1446.57 | DL12: 1251.74 | DM12: 6621.92 | DN12: 1607.87 | DO12: 950.82 | DP12: 1441.72 | DQ12: 1435.26 | DR12: 1167.13 | DS12: 1385.27 | DT12: КОСТАНАЙСКАЯ ОБЛАСТЬ | DU12: 1028.42 | DV12: 889.12 | DW12: 1041.43 | DX12: 1276.99 | DY12: 961.53 | DZ12: 1911.32 | EA12: 1266.17
A13: КРС | B13: Сельхозпредприятия | C13: КЫЗЫЛОРДИНСКАЯ ОБЛАСТЬ | D13: 9.7 | E13: 15.3 | F13: 21.82 | G13: 13.13 | H13: 6.71 | I13: 8.39 | J13: 10.09 | K13: 11.92 | L13: 2.83 | M13: 6.97 | N13: 19.56 | O13: 29.11 | P13: 38.57 | Q13: 51.26 | R13: 32.6 | S13: 20.65 | T13: 37.15 | U13: 36.43 | V13: 66.24 | W13: 39.69 | X13: 2.55 | Y13: 5.79 | Z13: 70.36 | AA13: 30.24 | AB13: 38.57 | AC13: 21.7 | AD13: 17.81 | AE13: 26.37 | AF13: 3.38 | AG13: 38.11 | AH13: 51.17 | AI13: 61.91 | AJ13: 53.46 | AK13: 33.07 | AL13: 29.39 | AM13: 54.1 | AN13: 65.32 | AO13: 142.19 | AP13: 58.72 | AQ13: 48.72 | AR13: 35.28 | AS13: 26.96 | AT13: 38.28 | AU13: 87.59 | AV13: 52.81 | AW13: 37.98 | AX13: 65.91 | AY13: 170.68 | AZ13: 28.57 | BA13: 65.99 | BB13: 80.61 | BC13: 10.5 | BD13: 175.95 | BE13: 81.66 | BF13: 89.71 | BG13: 96.17 | BH13: 166.27 | BI13: 66.62 | BJ13: 118.68 | BK13: 255.65 | BL13: 133.48 | BM13: 84.45 | BN13: 30.21 | BO13: 175.04 | BP13: 100.7 | BQ13: 108.92 | BR13: 32.74 | BS13: 41.8 | BT13: 55.64 | BU13: 79.1 | BV13: 108.48 | BW13: 87.39 | BX13: 42.77 | BY13: 75.82 | BZ13: 42.22 | CA13: 143.2 | CB13: 91.79 | CC13: 116.17 | CD13: 38.34 | CE13: 22.73 | CF13: 8.27 | CG13: 113.74 | CH13: 85.71 | CI13: 138.19 | CJ13: 58.05 | CK13: 67.25 | CL13: 64.33 | CM13: 148.01 | CN13: 87.8 | CO13: 121.7 | CP13: 45.17 | CQ13: 53.29 | CR13: 30.73 | CS13: 78.78 | CT13: 112.24 | CU13: 193.63 | CV13: 62.35 | CW13: 65.44 | CX13: 51.9 | CY13: 141.42 | CZ13: 81 | DA13: 120.39 | DB13: 27.99 | DC13: 49.09 | DD13: 62.45 | DE13: 77.84 | DF13: 82.33 | DG13: 117.03 | DH13: 117.25 | DI13: 75.01 | DJ13: 51.07 | DK13: 118.23 | DL13: 104.68 | DM13: 137.22 | DN13: 43.34 | DO13: 71.07 | DP13: 55.35 | DQ13: 79.58 | DR13: 41.26 | DS13: 110.81 | DT13: КЫЗЫЛОРДИНСКАЯ ОБЛАСТЬ | DU13: 24.44 | DV13: 77.94 | DW13: 40.51 | DX13: 180.28 | DY13: 84.18 | DZ13: 141.85 | EA13: 62.35
A14: КРС | B14: Сельхозпредприятия | C14: МАНГИСТАУСКАЯ ОБЛАСТЬ | D14: - | E14: - | F14: - | G14: - | H14: - | I14: - | J14: - | K14: - | L14: - | M14: - | N14: - | O14: - | P14: - | Q14: - | R14: 4.83 | S14: - | T14: - | U14: - | V14: - | W14: - | X14: - | Y14: - | Z14: - | AA14: - | AB14: - | AC14: - | AD14: 2 | AE14: - | AF14: - | AG14: - | AH14: - | AI14: - | AJ14: - | AK14: - | AL14: 2.07 | AM14: - | AN14: - | AO14: - | AP14: 0.62 | AQ14: - | AR14: - | AS14: 1.78 | AT14: 0.3 | AU14: - | AV14: 0.3 | AW14: 0.6 | AX14: - | AY14: - | AZ14: - | BA14: - | BB14: - | BC14: - | BD14: 0.6 | BE14: 0.9 | BF14: 3.28 | BG14: 1.66 | BH14: 0.58 | BI14: 8.84 | BJ14: - | BK14: - | BL14: 9 | BM14: 2.8 | BN14: 5.6 | BQ14: 7.2 | BR14: 2.32 | BS14: 0.28 | BT14: 3.93 | BU14: 1.95 | BV14: 4.78 | BW14: 0.35 | BX14: 3.36 | BY14: 5.8 | BZ14: 2.1 | CA14: 0.28 | CB14: 2.8 | CC14: 2.8 | CD14: 2.8 | CE14: 2.8 | CF14: 0.63 | CG14: 2.8 | CH14: 2.8 | CI14: 1.47 | CJ14: 1.12 | CK14: 1.47 | CL14: 13.42 | CM14: 1.12 | CN14: 1.12 | CO14: 1.7 | CP14: 1.12 | CQ14: 1.12 | CR14: 1.12 | CS14: 1.12 | CT14: 1.96 | CU14: 1.12 | CV14: 1.4 | CW14: 1.12 | CX14: 1.4 | CY14: 1.42 | CZ14: 1.12 | DA14: 2.62 | DB14: 1.12 | DC14: 1.97 | DD14: 1.12 | DE14: 1.88 | DF14: 1.12 | DG14: 1.12 | DH14: 1.12 | DI14: 2.8 | DJ14: 1.68 | DK14: 1.68 | DL14: 151.68 | DM14: 1.68 | DN14: 1.68 | DO14: 1.68 | DP14: 10.14 | DQ14: 1.68 | DR14: 2.28 | DS14: 2.08 | DT14: МАНГИСТАУСКАЯ ОБЛАСТЬ | DU14: 2.24 | DV14: 2.08 | DW14: 6.05 | DX14: 0.28 | DY14: 0.3 | DZ14: 0.4 | EA14: 0.56
A15: КРС | B15: Сельхозпредприятия | C15: ЮЖНО-КАЗАХСТАНСКАЯ ОБЛАСТЬ | D15: 434.41 | E15: 519.56 | F15: 344.48 | G15: 626.53 | H15: 331.32 | I15: 464.68 | J15: 145.87 | K15: 221.28 | L15: 254.04 | M15: 312.79 | N15: 177.3 | O15: 863.13 | P15: 392.29 | Q15: 233.13 | R15: 354.3 | S15: 398 | T15: 226.54 | U15: 619.38 | V15: 240.88 | W15: 539.7 | X15: 338.12 | Y15: 286.87 | Z15: 579.32 | AA15: 1022.92 | AB15: 372.59 | AC15: 968.05 | AD15: 1500.42 | AE15: 993.48 | AF15: 377.09 | AG15: 1606.58 | AH15: 775.97 | AI15: 521.21 | AJ15: 895.63 | AK15: 909.82 | AL15: 1044.65 | AM15: 2417.82 | AN15: 355.56 | AO15: 249.32 | AP15: 1663.52 | AQ15: 2122.05 | AR15: 1381.2 | AS15: - | AT15: - | AU15: - | AV15: - | AW15: - | AX15: - | AY15: - | AZ15: - | BA15: - | BB15: - | BC15: - | BD15: - | BE15: - | BF15: - | BG15: - | BH15: - | BI15: - | BJ15: - | BK15: - | BL15: - | BM15: - | BN15: - | BO15: - | BP15: - | BQ15: - | BR15: - | BS15: - | BT15: - | BU15: - | BV15: - | BW15: - | BX15: - | BY15: - | BZ15: - | CA15: - | CB15: - | CC15: - | CD15: - | CE15: - | CF15: - | CG15: - | CH15: - | CI15: - | CJ15: - | CK15: - | CL15: - | CM15: - | CN15: - | CO15: - | CP15: - | CQ15: - | CR15: - | CS15: - | CT15: - | CU15: - | CV15: - | CW15: - | CX15: - | CY15: - | CZ15: - | DA15: - | DB15: - | DC15: - | DD15: - | DE15: - | DF15: - | DG15: - | DH15: - | DI15: - | DJ15: - | DK15: - | DL15: - | DM15: - | DN15: - | DO15: - | DP15: - | DQ15: - | DR15: - | DS15: - | DT15: ЮЖНО-КАЗАХСТАНСКАЯ ОБЛАСТЬ | DU15: - | DV15: - | DW15: - | DX15: - | DY15: - | DZ15: - | EA15: -
A16: КРС | B16: Сельхозпредприятия | C16: ПАВЛОДАРСКАЯ ОБЛАСТЬ | D16: 402.8 | E16: 408.76 | F16: 424.88 | G16: 487.96 | H16: 440.03 | I16: 518.17 | J16: 770.65 | K16: 842.02 | L16: 776.12 | M16: 345.44 | N16: 282.37 | O16: 790.16 | P16: 339.93 | Q16: 269.26 | R16: 499.2 | S16: 576.61 | T16: 368.66 | U16: 871.09 | V16: 646.83 | W16: 508.52 | X16: 973.35 | Y16: 232.75 | Z16: 631.38 | AA16: 638.59 | AB16: 338.93 | AC16: 157.95 | AD16: 158.36 | AE16: 388.06 | AF16: 254.5 | AG16: 416.09 | AH16: 282.37 | AI16: 289.29 | AJ16: 345.06 | AK16: 773.57 | AL16: 824.63 | AM16: 992.74 | AN16: 393.47 | AO16: 265.74 | AP16: 391.62 | AQ16: 201.14 | AR16: 433.72 | AS16: 753.74 | AT16: 294.93 | AU16: 325.06 | AV16: 786.56 | AW16: 775.64 | AX16: 733.53 | AY16: 1622.78 | AZ16: 211.95 | BA16: 441.29 | BB16: 533.58 | BC16: 321.87 | BD16: 706.05 | BE16: 534.05 | BF16: 881.45 | BG16: 496.49 | BH16: 355.15 | BI16: 293.76 | BJ16: 1059.62 | BK16: 1544.28 | BL16: 355.19 | BM16: 243.26 | BN16: 612.79 | BO16: 277.53 | BP16: 578.97 | BQ16: 456.65 | BR16: 1014.16 | BS16: 716.05 | BT16: 636.9 | BU16: 885.98 | BV16: 818.73 | BW16: 2188.29 | BX16: 398.5 | BY16: 403.99 | BZ16: 870.2 | CA16: 923.39 | CB16: 740.49 | CC16: 607.08 | CD16: 959.6 | CE16: 917.49 | CF16: 731.16 | CG16: 545.36 | CH16: 887.62 | CI16: 1810.01 | CJ16: 271.89 | CK16: 2370.49 | CL16: 962.21 | CM16: 1007.96 | CN16: 517.81 | CO16: 687.08 | CP16: 678.43 | CQ16: 598.33 | CR16: 883.29 | CS16: 587.76 | CT16: 740.83 | CU16: 1700.91 | CV16: 549.21 | CW16: 660.73 | CX16: 915.12 | CY16: 768.14 | CZ16: 869.2 | DA16: 1089.89 | DB16: 1072.2 | DC16: 1236.93 | DD16: 2337.08 | DE16: 996.25 | DF16: 1918.87 | DG16: 3755.36 | DH16: 1112.22 | DI16: 961.47 | DJ16: 409.36 | DK16: 983.53 | DL16: 1019.96 | DM16: 1508.75 | DN16: 2012.29 | DO16: 2007.43 | DP16: 1848.26 | DQ16: 1064.54 | DR16: 1310.19 | DS16: 1556.47 | DT16: ПАВЛОДАРСКАЯ ОБЛАСТЬ | DU16: 898.4 | DV16: 548.47 | DW16: 654.6 | DX16: 836.97 | DY16: 515.48 | DZ16: 844.05 | EA16: 1379.57
A17: КРС | B17: Сельхозпредприятия | C17: СЕВЕРО-КАЗАХСТАНСКАЯ ОБЛАСТЬ | D17: 218.07 | E17: 303.24 | F17: 267.73 | G17: 280.28 | H17: 341.49 | I17: 353.54 | J17: 372.24 | K17: 234.7 | L17: 430.49 | M17: 387.3 | N17: 358.04 | O17: 1011.06 | P17: 341.98 | Q17: 370.56 | R17: 416.25 | S17: 504.44 | T17: 383.02 | U17: 499.68 | V17: 480.27 | W17: 324.19 | X17: 468.37 | Y17: 297.97 | Z17: 527.3 | AA17: 884.3 | AB17: 341.87 | AC17: 316.37 | AD17: 719.58 | AE17: 414.61 | AF17: 460.09 | AG17: 427.32 | AH17: 411.27 | AI17: 389.62 | AJ17: 635.97 | AK17: 424.33 | AL17: 366.3 | AM17: 912.52 | AN17: 494.92 | AO17: 471.05 | AP17: 470.98 | AQ17: 483.59 | AR17: 432.93 | AS17: 532.49 | AT17: 538.69 | AU17: 414.53 | AV17: 831.98 | AW17: 723.19 | AX17: 564.36 | AY17: 626.21 | AZ17: 1012.05 | BA17: 468.35 | BB17: 588.4 | BC17: 503.16 | BD17: 541.03 | BE17: 319.02 | BF17: 557.32 | BG17: 381.62 | BH17: 764.64 | BI17: 686.16 | BJ17: 592.07 | BK17: 480.3 | BL17: 558.71 | BM17: 615.82 | BN17: 529.01 | BO17: 454.54 | BP17: 634.85 | BQ17: 555.75 | BR17: 527.89 | BS17: 465.84 | BT17: 478.24 | BU17: 533.33 | BV17: 538.29 | BW17: 889 | BX17: 591.26 | BY17: 550.55 | BZ17: 507.42 | CA17: 459.87 | CB17: 528.94 | CC17: 1418.29 | CD17: 479.77 | CE17: 596.23 | CF17: 648.17 | CG17: 504.34 | CH17: 664.41 | CI17: 843.92 | CJ17: 768.53 | CK17: 560.8 | CL17: 442.98 | CM17: 679.06 | CN17: 602.34 | CO17: 754.7 | CP17: 672.36 | CQ17: 933.81 | CR17: 697.62 | CS17: 574.1 | CT17: 527.77 | CU17: 588.54 | CV17: 984.58 | CW17: 714.7 | CX17: 491.86 | CY17: 637.19 | CZ17: 805.11 | DA17: 558.52 | DB17: 395.9 | DC17: 630.21 | DD17: 845.73 | DE17: 730.06 | DF17: 711.61 | DG17: 847.3 | DH17: 596.12 | DI17: 989.29 | DJ17: 642.24 | DK17: 554.03 | DL17: 601.03 | DM17: 641.57 | DN17: 547.02 | DO17: 781.65 | DP17: 846.54 | DQ17: 888.54 | DR17: 667.25 | DS17: 620.08 | DT17: СЕВЕРО-КАЗАХСТАНСКАЯ ОБЛАСТЬ | DU17: 707.37 | DV17: 718.89 | DW17: 1023.57 | DX17: 489.57 | DY17: 569.49 | DZ17: 643.07 | EA17: 539.46
A18: КРС | B18: Сельхозпредприятия | C18: ВОСТОЧНО-КАЗАХСТАНСКАЯ ОБЛАСТЬ | D18: 159.16 | E18: 156.45 | F18: 148.85 | G18: 163.8 | H18: 144.58 | I18: 239.64 | J18: 114.96 | K18: 104.63 | L18: 122.44 | M18: 104.61 | N18: 206.82 | O18: 219.19 | P18: 204.36 | Q18: 177.03 | R18: 172.56 | S18: 211.78 | T18: 141.65 | U18: 134.04 | V18: 141.97 | W18: 91.93 | X18: 283.74 | Y18: 147.68 | Z18: 217.08 | AA18: 273.54 | AB18: 203.81 | AC18: 128.84 | AD18: 199.39 | AE18: 186.04 | AF18: 184.49 | AG18: 128.07 | AH18: 117.95 | AI18: 111.19 | AJ18: 172.05 | AK18: 221.54 | AL18: 284.03 | AM18: 227.43 | AN18: 248.21 | AO18: 159.57 | AP18: 215.56 | AQ18: 245.75 | AR18: 302.96 | AS18: 199.41 | AT18: 138.97 | AU18: 164.26 | AV18: 571.97 | AW18: 174.7 | AX18: 284.69 | AY18: 313.99 | AZ18: 163.81 | BA18: 237.89 | BB18: 266.05 | BC18: 184.69 | BD18: 199.97 | BE18: 199.44 | BF18: 89.93 | BG18: 208.9 | BH18: 120.67 | BI18: 139.32 | BJ18: 113.26 | BK18: 212.78 | BL18: 151.44 | BM18: 168.09 | BN18: 160.47 | BO18: 193.65 | BP18: 198.09 | BQ18: 392.1 | BR18: 281.28 | BS18: 240.62 | BT18: 327.88 | BU18: 194.5 | BV18: 303.64 | BW18: 446.17 | BX18: 208.81 | BY18: 174.93 | BZ18: 289.09 | CA18: 194.13 | CB18: 216.21 | CC18: 242.64 | CD18: 238.61 | CE18: 214.74 | CF18: 213.25 | CG18: 225.47 | CH18: 214.58 | CI18: 364.48 | CJ18: 333.66 | CK18: 165.1 | CL18: 164.16 | CM18: 254.36 | CN18: 166.72 | CO18: 87.6 | CP18: 112.23 | CQ18: 152.53 | CR18: 164.24 | CS18: 110.24 | CT18: 182.39 | CU18: 146.32 | CV18: 142.15 | CW18: 153.67 | CX18: 132.31 | CY18: 280.38 | CZ18: 288.23 | DA18: 180.75 | DB18: 102.82 | DC18: 101.26 | DD18: 136.41 | DE18: 124.06 | DF18: 119.46 | DG18: 226.39 | DH18: 307.86 | DI18: 178.11 | DJ18: 104.42 | DK18: 97.76 | DL18: 255.84 | DM18: 135.62 | DN18: 90.49 | DO18: 92.79 | DP18: 157.31 | DQ18: 135.47 | DR18: 105.11 | DS18: 140.81 | DT18: ВОСТОЧНО-КАЗАХСТАНСКАЯ ОБЛАСТЬ | DU18: 82.15 | DV18: 123.63 | DW18: 99.82 | DX18: 88.96 | DY18: 94.12 | DZ18: 73.46 | EA18: 76.64
A19: КРС | B19: Сельхозпредприятия | C19: ГАСТАНА | D19: 2.6 | E19: 18.7 | F19: 6.5 | G19: 11.8 | H19: 11.4 | I19: 12.2 | J19: 1.7 | K19: 2.77 | L19: 2.63 | M19: 3 | N19: 3.5 | O19: 2.9 | P19: 2.5 | Q19: 1.74 | R19: 2.01 | S19: 2.47 | T19: 2.67 | U19: 0.85 | V19: 1.22 | X19: 5.3 | AA19: 1.4 | AB19: 2.5 | AD19: 2.4 | AE19: 3.84 | AF19: 1.79 | AG19: 2.92 | AH19: 3.33 | AI19: 4.96 | AJ19: 8.33 | AK19: 7.56 | AL19: 7.99 | AM19: 3.95 | AN19: 5.07 | AO19: 0.51 | AP19: 1.81 | AQ19: 0.8 | AS19: 3.39 | AT19: 1.83 | AU19: 2.44 | AV19: 1.27 | AW19: 1.14 | AX19: 2.3 | AY19: 0.84 | AZ19: 1.24 | BA19: 1.79 | BB19: 0.62 | BC19: 0.96 | BD19: 0.59 | BE19: - | BF19: - | BG19: - | BH19: - | BI19: - | BJ19: - | BK19: 2.5 | BL19: - | BM19: - | BN19: 0.12 | BO19: - | BP19: - | BQ19: 0.2 | BR19: - | BS19: - | BT19: - | BU19: - | BV19: - | BW19: - | BX19: - | BY19: - | BZ19: - | CA19: - | CB19: - | CC19: - | CD19: - | CE19: - | CF19: - | CG19: - | CH19: - | CI19: - | CJ19: - | CK19: - | CL19: - | CM19: - | CN19: - | CO19: - | CP19: - | CQ19: - | CR19: - | CS19: 0.3 | CT19: 1.17 | CU19: 1.1 | CV19: - | CW19: - | CX19: - | CY19: - | CZ19: - | DA19: - | DB19: - | DC19: - | DD19: - | DE19: - | DF19: - | DG19: - | DH19: - | DI19: - | DJ19: - | DK19: - | DL19: - | DM19: - | DN19: - | DO19: - | DP19: - | DQ19: - | DR19: - | DS19: - | DT19: Г.АСТАНА | DU19: - | DV19: - | DW19: - | DX19: - | DY19: - | DZ19: - | EA19: -
A20: КРС | B20: Сельхозпредприятия | C20: ГАЛМАТЫ
A21: КРС | B21: Сельхозпредприятия | C21: ГШЫМКЕНТ | D21: - | E21: - | F21: - | G21: - | H21: - | I21: - | J21: - | K21: - | L21: - | M21: - | N21: - | O21: - | P21: - | Q21: - | R21: - | S21: - | T21: - | U21: - | V21: - | W21: - | X21: - | Y21: - | Z21: - | AA21: - | AB21: - | AC21: - | AD21: - | AE21: - | AF21: - | AG21: - | AH21: - | AI21: - | AJ21: - | AK21: - | AL21: - | AM21: - | AN21: - | AO21: - | AP21: - | AQ21: - | AR21: - | AS21: 905.63 | AT21: 583.22 | AU21: 5.12 | AV21: 67.68 | AW21: 3.24 | AX21: 21.83 | AY21: 50.41 | AZ21: 12.76 | BA21: 5.55 | BB21: 7.6 | BC21: 1205.5 | BD21: 1215.1 | BE21: 1555.6 | BF21: 473.18 | BG21: 519.6 | BH21: 128.42 | BI21: 310.47 | BJ21: 307.5 | BK21: 190.59 | BL21: 8.63 | BM21: 7.76 | BN21: 6.61 | BO21: 746.92 | BP21: 1114.42 | BQ21: 1810.28 | BR21: 350.53 | BS21: 571.21 | BT21: 165.95 | BU21: 551.41 | BV21: 243.51 | BW21: 185.68 | BX21: 64.77 | BY21: 117.88 | BZ21: 130.78 | CA21: 537.19 | CB21: 1187.86 | CC21: 2161.93 | CD21: 405.63 | CE21: 462.42 | CF21: 365.87 | CG21: 410.02 | CH21: 404.36 | CI21: 627.58 | CJ21: 101 | CK21: 255.3 | CL21: 213.45 | CM21: 353.3 | CN21: 55.9 | CP21: 5.1 | CQ21: 0.61 | CR21: 35.3 | CS21: 4.44 | CT21: 4.14 | CU21: 4.84 | CV21: 57.54 | CW21: 3.72 | CX21: 140.87 | CY21: 103.29 | CZ21: 5.55 | DA21: 23.4 | DB21: 46.87 | DC21: 23.69 | DD21: 76.4 | DE21: 1283.7 | DF21: 180.08 | DG21: 53.02 | DH21: 174.25 | DI21: 73.24 | DJ21: 119.83 | DK21: 104.42 | DL21: 6.12 | DM21: 16.03 | DN21: 9.76 | DO21: 12.12 | DP21: 12.32 | DQ21: 159.15 | DR21: 245.15 | DS21: 115.84 | DT21: Г.ШЫМКЕНТ | DU21: 70.31 | DV21: 134.77 | DW21: 1.79 | DX21: - | DY21: 0.25 | DZ21: - | EA21: -
